Id,AveragePrice
11137,-520.15259671571
16503,-421.350637390214
6438,-30096.25256989924
8247,-1276.5909835679709
10481,-408.91920423311046
8788,-31441.06600087815
14246,-480.1791982131445
12050,-567.6938281406129
5956,-12139.519474775823
1108,-2801.0045272366824
15956,-1251.3381634560192
11223,-409.4004043657824
15217,-706.8784262475853
16363,-570.7693466362695
14914,-359.17726331158633
6669,-2469.884297942727
13255,-1700.0452473244993
8949,-1593.189443469248
14049,-429.4918245420223
12782,-440.4591681957363
15145,-425.9656531862822
8539,-2092.412019266421
7848,-4235.292002241876
11833,-2908.798948365615
15447,-581.0604441829604
12190,-470.66996611312425
1528,-52018.52202645388
5605,2419.4073303626633
2661,-133844.94620828232
3281,-2915.3484756680814
13725,-413.7655324822931
10454,-1004.4937822963419
16119,-1164.173146105611
7737,-4435.671298042176
12888,-517.8276101250617
17736,-622.9422281094531
13058,-587.6126937715492
2443,8572.380020056793
13054,-365.41299712134355
14849,-757.0550692924284
1708,-4998.807312270508
16762,-446.9188531208172
3407,1025.1822078736468
14765,-392.9093137851465
771,-2137.166751645224
16905,-382.88019595474435
14318,-673.1177325490488
14112,-527.6791252348997
3972,-9474.853848546374
4563,2474.495306977093
6057,-4667.5649447253
166,-317.5336331534267
11756,-373.69172903159324
16189,-418.4858457049456
4469,50.40367727583669
10048,-414.9189364493415
8292,886.4600180067043
1612,-4365.40008302161
9338,-464.3665970434607
11536,-565.4608130227713
4629,-4661.067354508683
14719,-505.53835863574653
2393,9990.68304805226
11494,-182.74625443988
9071,-1050.7681983154919
13624,-465.05998077402364
8367,-211199.33821209005
15229,-532.5054675237725
15494,-453.0749292889852
11917,-544.692907675424
6304,-7280.824530408615
949,-3056.929952788215
16946,-544.8823712793841
12558,-518.1207898688754
3058,-7895.636760241091
3206,-1967.2159034370814
16824,-439.07754624482163
17484,-15790.731876032009
7769,-2034.0199938471676
11755,-371.27994126990023
6875,-1634.55125336854
18183,-400.5226391444183
12873,-466.43676396994823
2743,659.174497888735
15136,-452.5212254889909
4757,-2209.092198197171
17041,-703.7029312759372
4249,-120.05944132815713
12525,-862.9061912364353
4237,-74.41123598536123
15584,-2330.406940581812
12475,-473.37937812433717
8236,-1108.0483663349896
15606,-638.57602729721
5472,-134305.62958047242
14121,-402.89524364669836
11517,-376.8825775304749
9958,-1090.1127102591147
5073,-5928.197677853727
2087,-3075.961738796018
16343,-634.4914667701862
11273,-433.22773775453095
7488,-3432.3313561737928
16705,-469.6606215244216
11443,-394.1114132182786
14044,-434.070499967048
3338,-270.477464533009
12931,-404.2837711697434
5290,-868.7579380584333
2493,-577.5363079624301
3199,-1448.323494347527
1292,2921.825392293799
1040,-2361.453545196642
9881,-381.7968672916884
12257,-1614.4483373364474
11458,-416.25432615963246
605,4852.697719334488
13543,-490.6718158395955
2047,-892.6297528591004
12927,-393.83383991865617
17954,-3644.306471133425
11649,-382.4357494548723
514,-2430.63581505583
3140,-26392.01154646583
9471,-484.1183953556067
14757,-382.6423677587301
16562,-417.3729515475187
7889,-3216.4617703671356
10530,-417.862110470911
7582,-1973.3254641772114
8353,-147699.77250757682
9866,-372.9300708239365
2361,6559.338617605419
9205,-409.9072856470867
7596,-1683.7764447498978
10817,-418.6602490890486
6254,-6159.737016806153
7688,-1097.1050041582664
6247,-414.27093511610946
3004,-535.5896101562123
18248,-493.03866538936063
14496,-376.95960563518986
12803,-446.8033991681106
3311,-3209.1602796056277
9974,-388.78260317800255
2894,-4373.7107873183195
11850,-1873.8777181539153
4240,-44.20409187695399
1228,-1317.2808884798028
18113,-365.3784791335949
3253,-7017.760221625058
4193,-705.8153537711974
2611,-1047.3680690365516
8287,909.8551733287866
2323,695.073593274214
15030,-552.727556433733
12262,-2138.5744202686365
8296,704.6022447189941
9473,-577.9234267191846
2979,-353.9397202807681
10804,-394.763798162235
2171,-183.30242818391392
12063,-550.2691453565658
13383,-389.5437152981355
11145,-434.78912814217927
8333,-110294.23884040753
1741,3328.1158151885857
7211,-8181.5147176801775
6676,-2356.3165639361187
7998,-2342.095309086395
4362,-59216.943793775725
16308,-2451.0571774349933
10043,-412.70161976481575
10027,-413.3993071602948
8347,-153702.65876299815
2516,458.645639548226
4209,-590.6995337822323
7573,-8265.886923972628
3779,-1628.0820899176467
737,-2753.422036914509
267,-1575.5923884745212
1967,-1368.5360717946205
2600,-833.4222888648429
14570,-389.35679039798276
10501,-485.05699843774835
1336,-15217.20826947703
13459,-1122.6885252065015
2069,-730.0787608234233
22,-1304.844353872966
9106,-31693.25335966934
7936,-5574.669578332226
10012,-403.96902457773206
14480,-408.9316532711642
16521,-411.5218484717197
7358,-4327.2959627440405
15885,-474.4309824748383
1176,13063.788697735328
2635,2094.4399489090606
2966,-390.99887049874013
10224,-374.06289905379487
7368,-1177.5858637936885
8386,-19606.17492299963
10031,-384.3516929043094
130,-9416.262258640461
10385,-375.1645618788655
280,-1219.6207935340558
8571,-1763.0715143512252
8718,-1321.1800747754703
13475,-1798.0282043606358
18079,-440.0520968286268
17729,-415.4497109265505
17093,-519.4581388470373
103,2484.679266319704
3902,-2206.6388481315585
641,-6430.665588276781
6246,-2607.0533211255597
3783,2573.9211486955346
2801,2184.7679512205727
10583,-595.4615347971647
13880,-519.7297444999331
17000,-400.2420187880675
14563,-391.4182400840861
9612,-539.8377343379175
13701,-330.4116250876166
1842,-1756.9972138070505
6743,-1404.0576459061372
852,-2624.5345587340535
5091,-10667.53529447351
11525,-471.29263437440756
112,-8868.348006995604
13692,-380.54063113542253
8662,-23985.46583774977
17986,-723.808482468058
17835,-430.55483424246233
17660,-714.2003339978945
10633,-519.8778664499159
11889,-406.44038246455136
11417,-394.5735922745306
5273,-777.7392384926848
5779,-87.28802959058325
8077,3960.591105809812
816,-22548.996381213754
9695,-428.6733193425793
5747,-6992.905805074103
11422,-401.7329499767423
12248,-1529.5303859565852
1436,507.34703917508546
9583,-567.2215428873286
10821,-425.203379506128
5720,-1635.6326568526042
10285,-414.0172387095057
16214,-365.76478489033747
11124,-428.18554647829654
5406,-1223.4456161028493
1539,-52839.088609582774
16902,-379.3563079702472
12023,-382.2875028689519
12946,-419.80395927745957
17009,-431.6337809258693
2200,-4731.922715496186
15752,-430.6403134154113
15683,-508.4824658016579
17288,-396.4797429664738
14624,-9626.384545737234
17611,-377.90200754648924
5401,-1173.7338776664521
12078,-524.4473588199627
14674,-2976.903930836738
6835,-14464.57137228432
7869,-4694.254270700178
16815,-414.862870393545
12635,-644.384588496934
3819,-2075.2147326192403
3828,-2512.582608024833
2505,-1109.8450627959924
325,-25088.798074823542
17650,-836.3935289189311
4791,-566.687382570277
6266,-5868.907491930922
4986,-3723.6433039041926
13351,-395.28862266292094
6942,-25601.17988672395
1441,471.91641909036366
3983,-9428.72211403979
8467,1047.2423563292612
6446,-39121.98264460418
16398,-445.91982371496886
10721,-468.7772910457288
4160,-19760.626697870106
16686,-909.8734826018141
8487,-1469.884022409252
4821,-2050.532262382563
9713,-329.0684712871388
17719,-586.9466785653497
5458,-1022.1992688817438
15818,-391.2782102717266
14795,-551.303922389435
1904,-3271.6010579841263
6236,-2913.92798012104
14969,-726.0148945984405
8044,11811.225189336255
12834,-462.93656595789327
10482,-408.72773810407574
5164,8929.83886585355
4646,-1554.898645843167
16647,-997.4676549729265
16537,-516.6414088225978
5147,-259.29595502531345
9373,-409.08286186431667
7863,-6615.231928443239
8800,-995.5956684736741
13653,-383.5881057952978
4328,-39247.590670440855
11502,-235.79601272841373
11177,-471.9108887593886
9847,-451.1814773184806
6988,-20865.355773342104
12293,-1942.9507615378482
10445,-1126.4311878199146
4877,-1079.7881508597102
3743,-3904.403875179573
1566,-3799.603203373751
12506,-485.92590412191663
16583,-449.98322982816245
13497,-458.22371350334885
7735,-1134.0884260465884
5104,-812.5603203778921
7339,-3987.632813963602
7112,-13574.178334379425
3250,-8707.73095821916
3923,-1286.8447195749143
5948,-15707.107859585916
2497,-1121.240906666135
4094,-2047.3896510453267
17845,-423.19246185562554
9982,-404.25622225256427
7393,-2666.525897748804
10532,-373.3989054966828
4649,-3835.0631474965826
9567,-604.7456125372037
2004,-1272.0968217870145
2436,17714.061519619798
8872,-5382.735803628076
7442,-610.8784248414798
3953,-12752.284503623543
12637,-692.31863443287
607,-823.0427740634398
11648,-372.78898802596655
3679,-1851.8259233969213
12573,-373.25721768652903
470,-2416.6961882727355
8468,-683.6344985257605
7084,336.18176437990695
14243,-472.55032169490227
15753,-442.35860776035554
1507,-13146.603385543369
15938,-1657.949994694025
8113,-658.1977033104746
9817,-418.95107722438274
16324,-4869.655100059227
8020,2458.4261000883293
10843,-334.71572337885306
7260,1229.3707714036475
17788,-2467.680034723754
14172,-736.6131902589216
11447,-401.9197140885799
15009,-492.28475497824445
14309,-1159.8524441837296
9721,-250.93123723806278
17995,-573.5131473334876
11625,-369.6923635142337
15742,-577.2306164635747
2583,-993.67261121699
11710,-396.07509163863705
13114,-1435.5145186008292
13707,-425.3932326144433
15004,-560.4574262149388
5682,-604.3686867575389
18027,-1129.2563674010512
17482,-15868.205521168673
10132,-391.9093586824917
12224,-458.661543214119
15624,-471.1285890990697
13657,-379.7081959717271
5654,-1420.0450063871433
12060,-548.8429237484951
4989,-4796.100961168401
14334,-850.9822958571385
12678,-365.6019963019178
2234,-7234.301131043842
405,-1178.7443233411775
14478,-560.9517582043763
16756,-498.640172421678
6037,-2236.3806982507226
587,-321.998964567897
9535,-394.0872834975216
9231,-549.5331414260066
17089,-488.37655579649953
8227,-737.227371445252
3437,-4333.448059574161
10123,-384.98343455818133
2239,-3196.6259578261306
13906,-419.48431084018506
13746,-369.2692542436609
17970,-958.9846585040805
17941,-1515.1435179660616
2657,-84197.68472466008
17276,-401.20364073620584
7663,-1680.0824751043067
3314,-2938.002983721233
7627,-2127.933074025029
895,-5468.560432180163
7638,-1444.2254717661674
1778,-1209.1905147161508
6283,-7443.724338073686
9664,-417.55687760305744
17844,-375.25078621365134
9066,-290.3045961482409
18235,-2231.547979458367
15309,-532.8541341032281
8117,-754.6425727651618
12885,-581.5307784439068
4999,-3889.584961033659
14487,-370.2223306202432
4465,-810.7184465284354
7901,-2790.7047477876918
6845,-1700.743123081295
9997,-411.1191993414506
11314,-516.6745310183064
10508,-455.9856681337099
9148,-381.53483447431415
14009,-441.2014074488149
132,-9218.701226729387
15571,-2267.793073722368
10141,-386.8585018813722
3138,-17592.117070461696
7739,-2339.7066527009233
11398,-688.2330933412481
6721,-439.70606718615977
2108,-2238.95567314516
7203,-54743.96730731786
9578,-757.9529454549371
12332,-414.05611835351647
3116,-2389.8126055961693
7138,-14795.074584091697
13426,-726.05370141355
3092,-2028.6429485017172
5210,-10048.247914346934
9009,-1136.484119232146
10242,-391.1372646279021
6196,-965.907720681078
16561,-417.4139700101835
10156,-386.62028651161086
3357,-662.4576886807961
14957,-682.0830430051412
8474,1655.1501507430391
1326,-22470.379888666757
10095,-262.34456235149725
10486,-418.16252693080776
2666,-136374.1196898537
11267,-449.1109397701487
4470,185.44569291629193
10753,-360.847593470644
17273,-465.98922979971513
3505,-1489.0515767641011
1822,-2442.579717823449
12123,-393.71447650223155
2705,-18397.532148227834
13008,-343.0060061431595
16123,-411.1947450173224
15652,-508.65866866380844
9572,-600.0463075084979
2919,-5499.633092075642
11537,-598.9397436083808
2120,-2487.5179661537722
121,-8386.61304624872
14989,-567.8223615853148
1317,-20931.115535113266
3696,-2901.587813162787
6820,-6669.171993664209
17534,-3411.304029401115
4436,-856.5887925585442
18176,-395.4491781825993
8697,-2483.2844711022412
7467,-866.4238066886982
3912,-988.4498627874735
10799,-382.20070072180624
15801,-371.42965211332887
4355,-46254.80602537301
5475,-122221.55735334117
2364,2736.722874926439
11895,-432.59219671355396
15954,-1246.7128685794173
15595,-523.3720817735367
5498,-136713.76124002045
14929,-390.95070348340255
1206,-1084.2088419405363
12564,-506.40394430435555
3388,767.8206524062937
2548,144.1586569573777
26,-1656.2482991518384
8767,2092.3789349787444
5262,-1135.9717168038276
9709,-318.3652111637088
5736,-7900.9327390724475
13417,-749.245730960814
12490,-480.48081521389526
94,2642.9349500613475
10734,-454.1781532827009
10124,-386.688686562228
13455,-1587.367135455143
2746,2861.5104988482153
2958,-9332.469621369313
5466,-109915.40693087212
11507,-306.4944865334325
13345,-402.26029292443593
15941,-1396.683709876155
12845,-443.9105788684955
14100,-547.2404041560253
7186,-45606.53547513354
5346,-1012.5685760288279
2503,-889.8569855570081
124,-8950.655430753657
2875,-1651.2874193701043
4658,999.7252119508347
10800,-397.70602787340545
15580,-4967.170447771646
5251,6877.113781966912
5996,-1525.7559043409894
1864,-110.19314206462953
13994,-445.03322109219977
1828,-4012.827173298883
3534,-657.3080872188291
13816,-647.2085029175138
987,-2739.6025144926452
16326,-2110.8816733627446
13434,-565.8080143901116
2203,-4667.222263485015
14348,-830.4612529906017
7074,195.77103542201985
9855,-367.5243963614473
3878,-175.81069165372642
1182,8756.71805149224
2455,-710.5547761089928
11286,-438.13972228727005
7783,-1400.7285365606067
612,523.5306614156106
4724,-7212.149248148552
10673,-951.6121692755584
4653,-7474.934010082206
9285,-420.127748287588
9573,-593.3761287940728
16806,-412.3847866014703
11326,-521.4910964137902
2159,648.6063122278126
6656,-2528.5808307568786
17923,-457.35518302916137
17421,-378.6774459908235
14636,-8802.755830938573
1484,-21273.374141244436
16358,-549.7051780387098
12136,-389.3553267460468
11539,-489.9145912470673
7247,-5571.335074055419
4967,-2786.5717632731794
8394,-22592.357429846263
16373,-541.8476600989949
5047,-8742.631495882615
17170,-1497.0934726349453
15443,-557.6271398926634
10869,-297.2154992434144
12753,-1970.1073884346226
9587,-490.84972334911396
3605,-25423.406844978683
13014,-358.2808905347
7789,-3525.516085289057
4729,-6195.714323208079
4162,-743.8254074065921
1416,150.4151072522647
10711,-476.6774427627455
786,-20860.1137859141
13765,-891.8499538050446
6389,-1621.7179904164307
16922,-465.7985957099444
14840,-489.4275148437629
15607,-535.417811909115
11916,-420.0193315154924
13554,-391.2072352026271
14805,-525.7039577800756
3835,-1795.3182111914332
5029,-4261.569890550884
5961,-17698.108676498654
4927,-3187.3399835150126
12207,-374.9697390965983
10558,-389.1454486090549
15891,-454.38923880189367
12974,-393.65949631908427
4972,-3547.150336602078
2292,-62.899584000696706
5295,-1026.9679030074176
3063,-8534.118093517052
18102,-530.7528977232364
17782,-2566.4133748191525
11495,-158.38726409454458
6568,-3751.5911436974284
11767,-383.9512424125965
4739,-596.1271744892379
17935,-399.14603149435254
2392,992.6032418204
9434,-407.29089489239794
12851,-466.28484631724314
11540,-492.4276151266378
5802,-454.15215934085865
1624,706.3854312295047
7435,-547.3389521696873
330,6074.899607286817
1511,-45678.768454053396
11604,-389.5693385847418
8934,-1558.4332220950023
15303,-507.44555018976564
2192,-3498.3007251527674
3317,-2967.55556945439
9905,-382.6538046071072
4471,967.6127794605986
805,-24487.610728823758
6745,-1429.8233825490747
5553,-27868.60575973336
1439,644.9341054556958
10237,-378.34840531276257
3385,-335.31571336768013
12359,-717.6504674999085
11224,-404.13791391515167
12089,-570.4963538020739
15904,-451.4761392450538
18199,-376.9365666916391
12476,-451.2696980362803
10731,-450.0494101338304
7702,-1190.2373776154338
1538,-58031.62648720794
18013,-473.7902924078385
4040,-1460.8428389565872
1209,-1069.2035308171926
4497,-4919.4885978061
15099,-2022.8424591051344
3192,-1563.9482218511423
7251,-5598.190630531969
1153,-2739.7596595177342
13775,-939.7212891315799
179,77.79531304632238
16945,-554.6216152177446
6357,-2376.057160147515
14686,-2225.247497061665
11001,-1265.782887091635
5919,-2382.688555843694
438,-8226.897463607263
815,-28266.506653011646
6491,-2017.1995627362264
13621,-505.82271684852407
11423,-395.73732559854983
2942,-9115.8228501004
371,-1332.8099431996393
3800,-1942.5194595040275
2638,1449.5848096194309
3671,-2871.1206681784342
2483,-529.3989785364035
16335,-634.5850609814763
2964,-9097.381972096084
3225,-4918.8561343670435
3797,-1899.1975668956777
5721,-1443.9708284755138
16816,-439.75020741727303
417,-6353.27786264547
11673,-375.53004637846254
12402,-431.0446646229673
17599,-533.6286783860871
11357,-300.0095192427216
8502,-646.1644797196419
11963,-369.0124441793715
8562,-12167.736919051575
11481,-392.57738892704054
17122,-457.8883949164652
660,-4405.123036991016
15968,-375.46117175810514
5502,-162499.76023157215
4269,-12419.881072717213
14451,-421.8131373251514
5504,-165776.67628945227
3666,-2616.4039787898982
2130,-2976.0415615563434
10576,-431.2965602219884
18076,-447.6242610803146
4960,-2836.195318424172
1382,453.2661331173536
14259,-441.02447815282454
6944,-17650.309829751957
12489,-498.46892058727286
6461,-41336.25285652083
2417,3494.41888433684
10497,-459.927334297757
7087,154.36761961719571
10782,-380.3996833611901
3219,-2470.877132135943
17068,-1116.2261351562568
14064,-420.0356819790732
9810,-414.31449140084254
368,-1139.4780978345382
17362,-437.03866684887976
11136,-499.0387753963589
13753,-366.63342664400204
12937,-409.7498857682679
3881,-1452.344295346901
7001,-201.83322858026776
4651,-6192.216106099896
1823,-2072.2904558799287
36,-981.7512453506971
13419,-701.002245639897
13301,-554.9653363353664
16056,-348.0741475827155
13213,-403.3586652183776
17541,-3979.09994575856
194,-35.029627530512215
16681,-1228.055981500014
15165,-432.3797767293349
13429,-707.055805135322
11281,-429.8924331087532
14336,-1040.4856075699247
8802,-113.45219760053882
15182,-671.5164866410524
15247,-599.3424627785781
6733,-2560.270906306102
1902,-2336.833981011019
17092,-513.173878540684
2604,206.18613566164237
5941,-12163.685161835441
3108,-2203.216610808703
223,-6631.237350902514
13941,-502.8069612912998
5260,-850.3951024202412
2539,-451.190014147906
16221,-385.4956368982084
13553,-418.8062687877029
25,-1874.69185261195
16494,-429.8119007862887
11052,-402.88068401717527
2872,-1872.132968106957
8102,-5201.193203975679
12015,-491.5259149339551
14858,-911.8284124023011
15055,-378.4409750470338
8400,-32200.523900620872
9896,-386.25246611283836
8531,-6568.910188975137
9910,-1116.4956801726516
9734,-309.42431656090594
5376,-978.7802102201593
9809,-407.89831605724737
2590,-841.8092489067687
13350,-364.8700701213836
10977,-662.6784456694261
1147,-7622.623464691456
293,-2075.9494925949843
15304,-464.01995936279303
15334,-486.3105302686667
538,-241.55453592892627
13186,-376.13788954536284
10929,-379.27694496888836
373,-1011.8657924156997
16936,-481.3004190681164
8334,-102350.31696178835
3512,-452.48475784636526
5340,-1803.8149032094486
9262,-408.6236332785573
16654,-735.3890757062028
593,1697.2677273426093
10839,-403.6490247227647
10780,-365.3368410312503
13703,-414.49351710102025
6541,-3476.458476520626
10293,-494.526941904018
2594,-841.0708775436146
12730,-2134.109720489295
17485,-17980.978272400847
12932,-396.1244222164053
1735,2174.6997319214283
15489,-414.2312754995707
4581,-766.226196745819
12791,-437.5566369778622
1839,339.118435901253
5089,-8344.240254980143
4281,-16010.137019094864
3959,-5992.131716585825
13183,-401.36290367933685
2464,-438.79265202648804
17787,-2231.8739414751794
15711,-107.72651198282514
2121,-3015.8909563564152
3405,127.26194686966558
15620,-462.17231421781577
12557,-381.70570086645233
11949,-393.5552746783232
13049,-411.7093087064695
16278,-687.2145131200455
1726,748.7739018227795
9236,-470.3083422035698
17760,-970.831242987808
14363,-639.2696124233727
11743,-387.25531432166287
16368,-506.4516955611697
4100,-1016.2299538592906
10357,-398.2617996225039
4048,-1548.0707168226918
6265,-4487.870854396036
5510,-181185.11328260603
9397,-405.15573912781093
18214,-17600.283246655432
7600,-1769.1890228941982
18062,-555.96576105055
5719,-2583.332855987399
6189,-604.3629029323397
11500,-219.7265634302032
8755,-1186.3673391210416
15614,-552.7455453524917
17992,-553.6196908722834
9923,-1356.2918922975043
3882,-622.2872784158499
15152,-465.01576882416236
13267,-1588.1350358714844
2660,-107122.09580432915
4690,-5438.175043867144
5278,-823.5381868873368
5445,-1050.5195899424893
1939,-1260.648520366703
4024,-1422.4398068995322
3471,-8231.013522026748
12652,-458.053926071899
5075,-7703.529201048456
10206,-366.214990817117
14999,-556.632533759827
14253,-454.2669864750855
3396,444.8358112253509
17710,-522.6152616432843
14801,-466.232323773851
16228,-1099.1178382511746
15256,-629.9449595712833
9400,-382.9333168095973
11822,-1974.8578065500976
10976,-655.3267614697388
17933,-435.55839027808076
6363,-2992.015016390992
4857,-1089.9595566455673
13081,-983.6553703957878
13844,-813.3715388151081
13797,-827.5803664173538
4680,-3613.4699424439077
8529,-7781.976477425051
15198,-915.4145105338367
2327,432.84640512286995
11505,-370.14003621618144
15982,-392.8382514110612
12839,-421.5012663005156
7323,-4199.205881600689
3900,203.85787189958668
17126,-429.5920302187646
17449,-12513.12091218718
101,3345.7930482220645
8990,-10896.26054400333
6836,-1262.9498303515707
3402,1162.174875907073
16973,-329.954614599805
3095,-2257.5498473977777
9996,-419.6520899981295
10632,-473.7198475618253
2863,-1409.0598696351776
12132,-379.82673975140517
627,-7977.977627448423
10769,-357.51045059235094
2287,-3375.1056791627375
3920,-1009.1638208379223
1877,-2729.946873456684
9302,-402.367924456885
6516,-2604.0881222351127
12952,-407.16992278143
9096,-140447.35267199384
17165,-1572.9794809089838
4135,-21678.151181152596
15498,-439.8422770894141
5204,-17719.130865648538
5537,-27383.43800572339
4985,-3705.178725090047
7829,-2322.569565630567
11596,-388.9557993302703
14008,-439.967097800504
434,-8302.895297189778
8390,-16740.87607749383
14776,-379.18007199234006
5395,-1087.0468026834217
6211,-187.67673435280025
4548,-1608.1186401045181
6654,-3092.5431006701533
9906,-386.2479830563449
11389,-763.2037140982086
3822,-2353.3651059175227
5488,-136231.8222552392
17961,-3392.412633897038
14870,-836.1880547330001
14621,-13983.990965235724
1054,-291.5406217847167
9712,-320.50011088214757
14320,-546.9393184138409
12552,-376.42366938341166
8930,-4015.2353382476326
13720,-403.72815195949215
6666,-2078.817851564819
17843,-385.5114931557549
7729,-1340.7938119141072
811,-20479.37615554379
14217,-833.4038023880931
17032,-683.3578583128342
13592,-351.90279440507925
6705,84.03983324127913
308,-2257.412342336426
4681,-4257.360156767074
15168,-875.2318295817842
13575,-372.3351844570306
3870,-573.3774471569088
17862,-420.95466064162065
13222,-376.9158269872999
3301,-3664.071665694058
12443,-534.1636827044853
1759,6362.785385931304
9245,-464.36678807342923
12679,-367.5676284195098
15191,-784.1425602794751
17526,-2504.523499541698
16484,-465.00362710688415
6217,487.75041405980784
5232,-3929.7869261006954
4601,-1629.1714062105493
9952,-1036.3020809544653
7301,-210.67414941755072
17824,-514.1618364301547
8242,-1045.5834247711462
5986,-34501.430105161504
2257,-1496.9201357875222
5246,-526.9207118659069
16924,-472.5637714762182
8751,-7021.95625584774
3456,-7237.185115279318
18017,-448.28946539132204
10994,-666.7476354618303
3869,-533.4997980296476
7374,-2258.9293167001915
14964,-772.0218462510858
13141,-410.5142680990808
2423,12487.08310889817
15321,-497.6733796643767
8274,503.65388962986486
12870,-346.6890719035625
13976,-464.3467841822564
13209,-396.94924708491607
16586,-453.87663906048317
6332,-2482.5437536085387
5518,-14862.84381864959
10807,-436.1008614089232
11072,-437.1773154434504
17007,-416.7668201670772
10582,-400.89714047428913
18108,-411.9008116536995
10426,-367.99487017740285
13430,-613.4727067611831
8215,-1016.0775192019312
17537,-5118.30523921185
4612,-1734.7124036254927
5577,-143.875427662385
12254,-1177.8553032805223
3782,3870.405438009436
9671,-448.9273199100966
1563,-5510.371158822943
15700,-485.93397832287377
6576,-1032.8038628458805
4792,-638.6757300699327
16109,-1906.913577257909
14857,-778.7828389759549
8737,-4024.4643282524344
10000,-400.1324920345267
8616,752.050574498124
2306,-568.0563025237852
1132,-109.76809262776663
7366,-2749.8629493994117
4079,-637.1818371971113
11503,-133.35021898364226
7149,-14798.250029377434
13682,-498.10891092515146
3071,-1465.1856118020378
13180,-380.44818239739334
5619,-1205.4824619653605
17024,-2489.7453729803865
7034,-906.5966702653764
17681,-1787.961887983123
708,332.0032587664605
14991,-570.6520916544893
16676,-701.3295584202416
6948,-18157.633566494573
17154,-824.9159399750793
15610,-514.3027962906663
9548,-655.2818540266791
2989,-1032.1256029221377
14012,-444.42701537537175
12133,-366.0619080656668
7139,-15680.828772983361
2252,-2082.0587200442856
16510,-419.0867122222258
2994,-801.1353717621986
17374,-368.507911324038
11647,-386.4439215343213
14685,-2759.287050115254
10991,-761.9403056602637
15743,-552.7220347437554
256,-6469.504362407541
4333,-42334.51513891123
1618,590.9974073650569
2083,-2644.8248477563216
16739,-446.87969934756455
10507,-426.42390935930814
14701,-399.27151960564686
17426,-401.71344030688437
9476,-448.3862056385898
4461,-966.3749772091312
7414,959.0414380725908
1467,-23711.543913909256
961,275.6279047045014
706,-101.43574418162844
16773,-488.3537218417594
18033,-1098.017846990018
6119,-3867.111565244672
8783,-23673.74895563441
6030,-1713.12285225696
6762,-2335.59551740809
9720,-272.94803318920026
12454,-394.8140765384723
13544,-491.49942517348273
1656,1008.8382604558443
13220,-381.50325145168586
17316,-417.83877462645626
5480,-129879.13261383075
12255,-1099.0975839974421
5495,-202561.93682639152
4594,-1191.0590165285957
6660,-3017.6124071761587
12168,-515.9014089453775
3913,-1283.2323122501275
14114,-540.2136790261245
5250,3686.0417309185464
1025,-2222.29389525544
18221,-15511.114789600028
13123,-1339.2140788761756
9361,-406.1022555649376
11077,-426.4820657347158
3864,-682.1388487005393
363,-5927.994348053354
16919,-490.4707736970634
8579,-6990.100294789022
2990,-1181.9175963596667
12597,-599.5747954316124
7652,-1718.5264482099753
8059,4790.142296578405
1321,-19277.13365131861
7645,-1917.5174575210513
15113,-484.33480445204947
1746,8370.503426116944
1859,493.75744547077517
12134,-366.74933125377817
16713,-525.7325678198001
8011,-5750.205046879961
1005,-2002.124186656152
11672,-352.30644387585727
11257,-368.0766233604528
3970,-8087.5390233114495
7940,-8111.517304178273
3166,-34950.08137575481
14443,-394.1942801654257
5883,-1787.0890367896534
17038,-756.7869671241098
11870,-2135.498638690191
1008,-1926.3083609345838
8087,3631.6062504495885
14925,-379.69693828533406
13586,-358.7330303304394
4811,-1495.8247238668193
1540,-57233.678161693504
9511,-400.6148626193852
14240,-483.9277293813391
1254,1783.1526993115044
15826,-361.8155868891801
13960,-442.2288615113655
14737,-468.11307664405956
7883,-3721.9153126077085
17489,-16194.873922651142
3967,-7155.401529779643
741,-1916.281166179029
13894,-431.62602246115154
6911,1588.5286627361713
16663,-581.8976587201456
7499,-6625.780528367484
18164,-1669.48554975696
7620,-1918.665185752016
14944,-419.5030777681857
1683,-5590.651255381288
5780,-410.5670880606441
4370,-4507.712401054746
7460,-835.6251569966163
16202,-341.0301078667267
17640,-382.3916245951422
14838,-795.3801574149159
1131,566.5750667813685
8836,-68590.96396807616
1885,-2572.0440716390526
12513,-496.7214861273601
15017,-459.3751228180452
5514,-21339.597141806928
16957,-556.5790256354526
15984,-416.31336101169336
1338,-17843.485037420407
7210,-4940.8107251110405
15706,-493.4992619324379
16828,-438.86373090790704
14142,-685.1874699200731
14431,-376.7633155857062
2978,-444.5236174747968
14189,-586.2413130261951
16483,-767.2779095227979
11189,-652.1369821227706
7814,-1255.3073525007967
7019,-760.2623957388771
16218,-409.20635173823035
10654,-800.6913567821294
2209,-5279.090882306534
3467,-7541.5943825816075
18211,-420.1804565089122
1081,524.3614051706339
15139,-441.194602487461
2663,-138740.6558822282
7624,-1681.9593662006696
14106,-513.1404535443899
3589,-25797.09217305831
12173,-587.5052423993387
13614,-475.5928866644046
11237,-368.2426569722822
8419,-24988.26063091759
16268,-1282.0395570431099
9100,-194497.14656527224
5702,-773.4523401817559
6178,-735.9686274314481
6118,-3342.987944320245
2776,1297.807071652839
7952,-1063.4668185265664
10931,-385.62250159915186
665,-4895.105702772328
16855,-509.4094465513797
7229,-5476.766477730438
8987,-3444.741363665731
7161,-45064.57928472867
9216,-410.41467016800095
9685,-433.2074983845444
13713,-449.2282877658693
15703,-505.44518721567556
15784,-379.5065210862916
2490,-492.62950464777913
17106,-443.9577981901173
7130,-17017.199681127146
2314,-349.5820339200323
12975,-388.0924999566617
1430,533.2969626103616
14297,-830.6520908701452
5312,-618.1876974815285
7240,-5277.643188075804
16943,-531.2988806498341
7088,191.83670077008787
1112,-1638.6095759986395
4208,-318.1028221403755
1630,-469.38967508579236
2357,-6546.177668282869
4420,-7134.346865911211
5764,-7995.022571682065
4606,-1742.0096517757293
16038,-410.5419775360449
5447,-941.5239864698044
1965,-1059.6263025193557
6704,-230.63334230838066
18054,-508.26531507654244
7785,-1782.3281005821286
17777,-439.1368733507822
8791,-1165.574252486581
11791,-5372.220143943675
2733,-7334.72559158462
8217,-1048.0842702466064
10537,-374.77704449673337
8530,-9909.105436743492
11977,-378.0789427944549
4257,-309.1852508675148
9045,-909.2679271076696
10149,-399.2613960957782
12138,-376.38943367226466
3550,-1990.3078530637679
16179,-420.72811516715296
8054,1555.9388854513327
199,7.49329961700468
8638,-2447.884057021523
2692,-69867.57546914431
2758,1768.3902721002992
17747,-351.4082306766808
15851,-414.87171631488815
11440,-396.57050655485114
14833,-677.5419970391675
8695,-7159.035212222856
10913,-372.9836585379327
6956,-19725.60752042578
388,-1399.8177239734025
16566,-445.30964271420055
5185,11548.906688346733
8575,-6092.883079811965
4737,-928.1559813475377
14700,-398.6773457173129
10393,-378.9848193300057
12012,-537.0547807304474
16220,-386.88843390308887
4278,-10947.13861175471
2425,13028.419368557368
5665,-1470.6643454782193
8527,-7893.908475727881
2419,3273.0514176107777
5369,-1009.943917745539
4705,-4729.373951376174
14393,-377.9327178382319
6771,-1906.4785253805671
14132,-624.1213930469675
17889,-399.3350305571195
9173,-394.026161330643
1914,-1351.2319328769738
4815,-1587.6313793204479
2920,-5132.897314109838
17021,-1523.9476196957876
16981,-342.6009755197532
3468,-6028.576510554696
9946,-1131.3393752636418
5762,-8383.858229823185
9758,-190.69749329560617
10200,-366.55746687538124
11778,-379.41833031171774
12065,-543.3657810017767
5704,-565.8372912269575
4730,-7139.579203626323
5441,-2020.3754429142507
14917,-362.3407575712845
1448,127.8369811554048
14876,-607.4227068780039
100,4755.332853989175
5697,-745.6439644900173
13862,-467.3507728615273
6855,-1465.8213654792632
11174,-460.5647689054447
13992,-493.959728679126
11726,-381.27658177009465
11736,-377.48276418408784
12096,-377.3652838747316
663,-4816.169168231917
6665,-2325.091728993699
2396,8090.992649970322
11723,-383.6632066677503
4844,-720.9086451891897
5306,-739.0165804464427
15539,-2318.7912231898517
8026,-8633.733401538655
8017,1638.633782358426
6174,-1011.7393098284417
16579,-449.3262770021421
11370,-609.369439341067
1629,333.6319448899403
9714,-342.73728250916554
13895,-444.5524556673557
15548,-2776.02576633593
208,-284.8819343698252
2296,-112.75264304702469
1848,893.1695357310209
5193,9828.34260978237
8088,3248.5856214046794
11605,-390.76804985863157
12720,-1958.0153615308247
10037,-400.48413921656595
13143,-375.09335326213085
6928,433.55808168043455
6839,-1560.4611773552442
9650,-397.2540739051796
14541,-417.0447916402328
8875,458.67954238838166
6759,-1500.9133079530966
6807,2253.102039722403
8369,-186707.49939736063
3608,-25931.635861221333
9488,114.9402050760134
17411,-391.167123276351
4567,6362.4314156222545
11448,-392.0683788049239
16790,-451.95431455897165
9966,-374.118529006125
5673,-667.0261349988479
17798,-555.6750595097504
1345,-15754.550408934952
10892,-281.7571850659566
15949,-1821.6947993386032
1969,-1110.8822514332555
1341,-16573.527948220748
13784,-751.3012152211102
338,4170.565548340289
2052,-762.4376569067512
14485,-371.42669976365454
15856,-409.1754284727514
1717,3045.6804967155244
1660,1894.3001965213602
7787,-2767.510481618222
13277,-1054.1642883334698
13254,-2017.571605762035
5150,-2408.2273030755177
1824,-2014.2523633900485
14248,-483.9465610664598
16267,-1488.9351651938794
14402,-370.15416147988077
13297,-593.8832802651643
13716,-420.64112819052247
17785,-3080.5628120401
313,-16805.69346094085
5931,-2343.1878776964627
10413,-362.54628008625576
7209,-5349.8257248006685
12156,-580.4409070527364
11392,-534.7357883618739
10979,-649.3520853627547
5163,3277.887814123987
7261,180.3799797967643
12682,-351.3462148850857
13584,-358.76824447530345
10885,-315.37058314257206
7198,-45853.56447611196
13488,-1474.1310830425227
12681,-352.67693019647186
10856,-332.868272049872
1170,14742.183041137228
10861,-316.21475693042726
11740,-376.2183091033152
7279,587.3652703076832
16624,-1171.392667516024
4143,-27369.202717583645
351,-454.7311423703815
2793,4163.629493450205
16024,-399.9711349832525
14841,-482.6553152974646
8433,-1239.59644564235
8560,-23094.62890818175
1334,-18058.292294760315
2969,-354.14113856392373
11526,-510.4528565901508
4404,-5260.742775232038
3868,-635.2428320588485
10458,-1482.2191992084677
12452,-528.4730576828342
5391,-1382.6202679765122
14596,-8533.783688899224
6120,-5130.7338833024
18197,-424.14594132239733
1180,8444.166997473892
3998,-23031.1755294877
13986,-482.7246357059134
1872,3213.9751386884404
7712,-1463.450452038014
13311,-571.3204783731902
14618,-10098.647512504496
15308,-425.5237796293989
12163,-445.04651154178964
17183,-1328.439616312953
14908,-364.84656611705776
10290,-503.0739182131096
4940,-3267.844134250921
14616,-10986.966877280847
1682,-4884.182621389353
9313,-402.9417013341593
18188,-400.11631663337437
6794,-2557.550451079833
11153,-403.7778730806204
18052,-481.26785338217593
1313,-14972.908651081472
692,244.4110712377727
13909,-413.4882595359544
1199,-1307.1779687471635
2563,-819.7323554528095
17405,-428.76982797996675
9150,-379.3950407112558
552,-284.0013838328394
1988,-1100.8837587576616
5182,4696.324943207911
4433,-1558.2671088636725
1322,-19734.18137481061
7501,-3717.200289315308
2799,3277.7261816507394
9812,-430.0913391015164
7744,-2942.381787133537
12532,-471.09427700068875
3879,-110.82384189281336
12656,-459.12492166281885
8840,-4784.319600798994
10026,-400.78719677555716
16682,-958.8284219783085
14079,-460.9338306047083
1385,308.2263342642229
2051,-695.5298651399279
12740,-2026.6518356816061
3662,-2252.863183923514
14803,-481.60970346001864
595,471.0542508014488
3860,-1169.4712944085695
11101,-412.63630749910465
9208,-387.62101282985384
766,-2063.5664318965632
8590,-1758.931612060608
7743,-1816.3425638446242
14383,-391.5394031727305
6896,1138.2744521625239
9977,-399.4001019488273
7971,-796.586126166914
6993,-25115.85415837464
16896,-368.29285283133737
16289,-3368.9163477791117
11086,-461.47991058155844
11606,-399.97272528677007
8157,-1335.0539015166582
9686,-406.3916923147089
4213,-248.3522687263628
10147,-400.5926773146177
4294,-18212.212496080338
16029,-355.9341641201541
17643,-365.115506959153
3722,-4024.7319176356473
6111,-3260.1048829807296
8359,-135247.94219602153
2318,436.1541490290161
1615,837.7567854619296
8179,-442.08570149754877
8933,-2710.6991615313327
10987,-715.9189908980945
12893,-228.9345198100435
6645,-2344.0706329634845
9014,-1622.2503242372247
13212,-409.96806952195817
15807,-376.282957635284
7807,-1617.3880355148708
3419,832.6680042512544
17794,-612.4408471625171
14019,-380.6291152653879
2475,-356.28724057375297
4721,-4948.626222554495
7606,-1966.0737752183702
3124,-16005.477652188016
13646,-527.1383534839377
17679,-1776.1842599340805
825,-22258.781484884403
2828,-1161.3732427950843
17475,-14304.153512059216
3887,-757.6594427963142
5022,-4364.414913645803
10244,-387.98351126080064
6012,-1722.449523878105
6433,-22832.847340545795
3894,-582.0555963818427
12575,-362.6575872334269
6595,-3708.371905161306
13814,-398.27226279163494
1972,-1685.1274885616294
12330,-417.77816104624094
11637,-378.49640101319574
14492,-361.8826331361776
15640,-448.5297525609707
3575,-2266.7890403894353
8425,-43796.08433789409
12193,-456.48357632323876
9589,-469.5376257128495
9099,-155859.10361835323
11358,-182.6814094083746
16917,-491.49766071956856
4851,-794.8144035876851
13888,-455.53927611365805
7800,-1325.9246956813545
10421,-376.41454882580945
14469,-473.01698135699667
5539,-23518.177780382302
302,-1589.629607357495
2353,-10144.864265501055
6032,-2035.8403133741817
13468,-1713.5177992977588
6230,133.48697792617895
1287,1967.6849565935663
8887,-1033.1297881454898
15381,-543.1906937956288
10245,-373.10201550284256
7032,-511.6198641195029
16969,-386.13676547506515
1675,-6374.645136496053
7445,-626.8763829046233
13387,-384.46207632375337
6408,-4174.18002304714
5692,-324.0029261259026
11580,-377.8578872001011
11585,-375.97128432479883
10114,-317.9599477359774
14265,-397.0734284196197
10142,-387.1915394727096
8628,-6581.722605724619
6515,-2387.0095447074655
1410,-85.51236086740872
3946,-1698.4869228968955
3645,-1693.4286274892568
2951,-8524.29594536343
7943,-10722.653059117145
4421,-1988.3132665311243
8852,1091.7824221800315
13639,-463.1144618968216
6635,-1743.3705570611978
10323,-372.96849626036743
12879,-86.04197083668234
7803,-1349.9862244657875
11550,-469.0924316040782
1155,-7858.73372906041
11442,-387.65388994234723
12724,-2304.3225747392335
15181,-694.9097945790054
13772,-857.6863124966645
13768,-841.2704147271385
5625,-1197.9043160259664
12305,-458.9622941330175
2139,-179.26590483281356
16262,-1103.1025333933296
13837,-1117.4193551351336
2041,-579.7911358092852
4879,-969.3468060379125
2802,2911.904306932371
1982,-1084.655224207143
882,-1936.576327929446
16472,-499.0267425903182
9389,-425.76194400847646
11229,-402.86271609398796
8350,-146215.8714056158
10833,-446.0126387545259
2114,-1854.320509575653
5492,-164996.41916458865
3469,-10105.971872391634
11939,-371.0401299647552
7846,-5584.210488023072
3187,-1438.4498624748385
16760,-465.22300609481704
13626,-450.8475614838846
12594,-907.5330706069235
3088,-1701.3829249647792
8623,-9324.449186677097
17724,-659.1670360386896
17716,-463.53191110707326
6941,-3528.5899145491353
6183,-736.8598728365951
10182,-360.29079031997423
18207,-443.00829568605934
15787,-453.27301531160055
8920,-6245.996755925462
14066,-497.0758988946475
3362,-396.57476471715694
8880,2325.9122515304844
7033,-807.7922174510077
378,-1131.652789137509
3455,-6390.418700581527
7013,-643.9658199740265
9631,-560.7589802281819
4073,1059.248387479941
13572,-351.4834391723798
13270,-1893.461627211747
626,-4595.726478110529
14697,-427.820346390765
9561,-735.5076336544522
1361,6.2282907104188565
16017,-403.2654245253701
2935,-7310.164531833516
6977,-23265.854934636198
9036,1809.3493566961372
2655,-108433.3909678967
4736,-1032.4271953558675
16075,-1986.8255700541647
17916,-470.24495052795464
6095,-1285.7646692948088
15663,-507.0514207352659
849,-2324.05258754711
1863,590.9810878263664
3459,-6619.004390480805
11475,-485.21000705549295
13499,-468.49987687792384
5534,-24438.602730318937
13662,-394.2473473851728
760,-2158.297137261935
10933,-389.1345934507378
12299,-435.70834454033627
2988,-512.7967779987601
592,2776.2570382768326
16162,-512.4875686147584
5897,-1978.4305146809743
9784,-550.5434071425838
7580,-1573.3768679237685
8048,1235.4503972070793
11962,-367.21227916414597
6661,-2833.236651569111
17424,-411.3608924078549
12646,-603.8975303242171
7892,-6991.66212518654
6325,-1679.5939727034877
9004,-5351.712109945737
10538,-400.9983725962479
4050,-1879.6159050955846
15553,-2181.218517132023
4826,-2094.5299939470005
8799,-645.0041121896891
8607,-1246.2193350153093
15417,-975.8336046131409
206,64.14377938485993
4603,-1684.1607797275235
8200,-280.4917121331454
15616,-445.6463641210462
8178,-456.4425000499498
18083,-436.40872834862864
12189,-463.2507525104404
5241,-1867.8245298043184
7772,-1780.2651064542194
3291,-4330.831794516113
3025,-4974.7304032107795
4261,-838.4692764331301
13901,-403.42777855219083
1897,-1006.4907829001688
16372,-523.0243292219873
5638,-1462.228887506113
12901,-468.83710176907965
3259,-8600.704802161737
10920,-367.0739471407533
11694,-373.612670315648
6468,-2813.568519500444
10611,-527.3188382271122
6082,-6029.359149794347
15290,-421.9188547215559
7327,-4082.4539770986935
3768,194.98975891434466
11909,-382.8585989967836
17241,-370.3005498229702
16402,-403.83153474285064
3420,-401.90040947296416
10934,-381.4578773882018
8741,-2607.8478369191503
12337,-400.66856334165584
2355,-7381.761007858501
13973,-535.2558279789622
13919,-516.0983796967572
2377,18095.43575359496
10752,-352.23183324517237
15893,-527.3292946625497
674,-7214.776909529044
10202,-360.5204144887507
12759,-1477.442083376718
17169,-1579.8736003681358
17631,-928.2561983501693
6528,-3282.5580803556127
11760,-376.7694726010391
11069,-439.2967177003735
700,-248.15870279982303
18068,-559.153445656717
2726,-9281.61038753947
7233,-5306.408135460509
3452,-6308.406449270768
17220,-1141.827029379118
4152,-23461.946382666963
10625,-559.2604826246557
11786,-4153.386468361708
6224,-2403.7356629195306
5675,-494.76840311131036
1229,-1183.2991567920985
5324,-1784.969070953714
14845,-407.6990272108208
10335,-379.0004397760431
13471,-1587.1075055437109
9647,-395.1878726599297
11862,-907.6434020807735
16241,-1113.527982278625
16598,-993.8684023760679
6115,-3615.0998113506685
8068,860.2388916520297
17709,-863.0799370716592
10509,-426.6355231244884
16254,-1678.2898255440714
1800,-2692.8727691688773
7109,-15720.088324772692
18105,-426.30836539873115
16735,-439.9329446275608
16342,-620.3331936105358
3493,-911.3941288080047
1346,-13215.241748341728
11763,-387.32850128512126
6981,-26383.471475411592
11569,-420.55232526576964
1874,-3433.8407240590377
9818,-430.3511185277111
8731,-3597.5496842459493
13542,-499.6092334941136
12076,-622.2859604440355
5937,-29729.480898713264
10952,-633.7408251066558
12859,-425.4407137277232
8859,606.5479295597909
2283,-2753.805070171767
16258,-1048.330539140438
1642,1096.8316662223415
13354,-399.5686814973108
12840,-448.4128138354975
11780,-5031.357179306775
1592,-6823.377440747279
17944,-1169.2802698815558
17881,-406.12601656973584
9582,-567.5762092561318
2681,-62436.72529315199
9406,-374.13312535795785
14302,-911.3685187990924
12238,-440.41491695046386
798,-25125.689405799098
11952,-377.3702617283776
1408,129.0863934549793
11893,-420.3971857968522
16323,-2121.1984898819055
10470,-883.8274786630378
9329,-424.2698237433698
9055,-487.7470836182398
18002,-458.0043139713101
7180,-44687.50693203007
9138,-378.29260916081665
646,-6029.743235629111
10033,-398.8143090499489
11528,-481.95235737028065
4410,-5871.624474365924
513,-2609.024669978677
9351,-406.17490527527264
8519,-693.0119589215625
92,2308.0258267463364
10723,-462.983539771635
6338,-1514.1721443177964
942,-2336.3291488167665
7129,-14670.727904760084
2350,1586.3595772355054
4546,-1945.7953327837324
13361,-403.25974585407977
17502,-3328.9935764598054
15225,-427.9671471516
11560,-652.7819355958394
11028,-479.2831849834796
12397,-711.2926690683328
17830,-460.24171173901294
10291,-483.8032649066469
8339,-119508.81494833971
9815,-425.62110377936807
5394,-1129.0979332325226
9156,-387.2523011434148
1585,-6553.850583995542
7378,-1418.0259425297852
17052,-1197.634758652802
8985,-5155.661049159581
8170,-27.524873443665804
3307,-3735.7029248011545
184,-38.40909292436069
8267,1273.3692608302226
1635,-363.8427838220598
7256,-6247.411221953855
15755,-418.89296163637846
8383,-21916.64013114761
285,-1878.2200278926093
7462,-641.0993407800855
2258,-1703.1857924835917
61,1243.1413094065324
172,15.166236324476841
18011,-482.7441828953694
14540,-432.9252410235235
5613,-2314.549042877596
4852,-924.9132183302548
8033,1150.6617610809062
802,-23976.209444911678
15210,-923.5328483990128
6168,-802.2508614934966
3400,186.8439925037581
16536,-467.5076775151805
9927,-1289.908192988962
12710,-363.5433923583575
12785,-392.1970446688022
18167,-412.1772846059205
11041,-778.1868071725638
8589,-2154.969191732945
17731,-443.1898869424811
13813,-632.148802252029
12534,-466.88222791143124
946,-729.0819154639554
2684,-53056.106044407235
6773,-2122.7551440051056
14013,-431.1813650982663
15452,-535.1600451718773
16929,-454.0377722935411
16020,-410.4900773274284
9786,-167.99204879884516
8192,-1069.5261152656417
15566,-4136.320426314721
6103,-3581.8236681936487
10452,-1036.053423713644
5103,-506.4313766180606
7895,-7411.800570135771
10602,-495.1540746553262
14671,-3191.4307411783157
9404,-387.30941224337624
14506,-393.8658467854337
9398,-415.70832697135734
13331,-418.9923611045102
16593,-441.5157310655916
8034,1046.9027414107472
16683,-956.4256812989753
6523,-3219.366766329052
11868,-2298.6535419327975
11087,-451.5394404344893
10216,-370.6216867647651
17263,-417.2538876928216
11609,-389.4806211292395
8927,-2426.9070137297144
12158,-533.3331085807373
1244,-1808.1073104726102
18234,-2297.1170805482247
16008,-377.52194447710866
16151,-463.7608590830956
10533,-371.09804682105454
17297,-447.2836567531361
572,-348.7098805559533
10066,-350.2876765302142
17598,-520.0332981724639
10488,-412.91117536474195
336,3542.1078300112995
12805,-465.1370567560111
14613,-10225.217794957096
8941,-2280.5141622854544
13938,-480.2465617598411
11190,-569.3789560125298
3677,-2616.141822584281
18044,-545.6101545033993
5105,-840.0727546089422
17173,-1056.454658927392
16042,-417.56388865433456
7035,-543.1271048514059
14236,-460.4811065273361
12989,-357.81883139489435
7667,-2088.8963178328277
4572,1614.4039672833967
12276,-2380.017290153487
1803,-2936.2144330321803
15923,-850.9918206389953
7989,-1158.5359986787946
15074,-1260.6300219263703
14433,-389.66015669911974
2038,-389.0676804121311
11812,-5596.841649645062
7097,-202.95841936343692
15272,-527.8808268845648
7795,-1352.6456327111912
7297,51.327435697777965
7965,-808.6274947561217
13073,-404.34909584708345
512,-2887.462361510821
15455,-633.8638431826072
4353,-45597.71662972581
12456,-463.5724134495819
263,-1565.987080026699
2788,4888.286920785806
3528,-719.4023457132266
3623,-30320.77469434898
3984,-12097.13531001881
1167,13618.198834506687
15441,-602.7608014461948
13177,-378.24748890124295
14521,-396.71019654337647
7227,-7139.334350064435
13534,-499.50435445935125
17462,-11522.58946173756
9501,-387.0470521744407
7942,-7106.64749750547
7951,-540.4538036431248
3709,-3634.7233436373476
17700,-856.1721855337158
9183,-402.43790242400854
4043,-1458.1244054725794
9124,-1671.9006412476488
14437,-401.1325512409249
63,649.7694658843191
13673,-384.76601987668147
3735,-4215.097950584462
13606,-410.0847290820144
3964,-5881.465294490864
2196,-4543.4126262631835
15438,-544.9272293049388
18103,-546.4052259814757
11789,-4517.2579856752545
17303,-398.49681610634457
6664,-2527.6130176994866
6782,-2975.579787917708
11900,-391.00290892206755
16403,-414.1301229973651
5840,-5191.838558613077
17712,-762.4054945804529
17816,-514.9360330799797
8856,483.319830570615
4846,-733.3403846217302
9382,-409.7016033080043
13442,-1519.206347963158
6439,-29813.55767435278
3160,-33103.03756011695
11106,-398.09611446759925
18110,-412.27466459807755
3919,-833.0645248601966
8151,-1549.4182293258534
11426,-396.98872451787906
10351,-396.3218512306203
5611,4518.339031770297
12233,-442.09619257802643
14052,-430.7623983912623
14380,-382.2015638288441
8319,-3255.906929940586
6186,-725.5050036031791
17755,-526.5502367810078
240,-8333.313764218508
6411,-4126.075602987027
1098,-955.9588650331815
4113,-13438.681247813201
10477,-811.3930533778156
18181,-399.84768112600756
6933,348.0636072759076
4174,-680.00416209599
13414,-842.9094109855635
2938,-8497.794448989116
15337,-443.9907761274631
18025,-1200.7693092589773
18246,-482.86735230965127
8995,-4828.667191289487
15639,-443.75066095648793
15314,-584.8643865921448
11080,-449.5786647645887
55,2109.960933565422
1384,745.3688289921923
6173,-1185.1103746010467
2545,-218.14566300749132
15467,-439.9048154070676
5581,2395.0805886799835
15913,-931.9089713626075
15655,-555.2630893816407
11748,-381.4666661019292
16672,-596.432868716986
169,-169.93370984880795
9945,-1381.779226082756
6984,-21543.785658890145
3410,-304.5658270711274
5383,-1327.2363830823901
7316,-7174.9134773537835
10349,-390.87600283270694
14882,-593.3529761378069
15271,-484.9431937354673
16960,-568.4699717903728
8635,-2632.9742492450655
16033,-397.71787585536356
3855,-1011.0284676230536
13108,-1401.139412601067
11445,-390.43338222502877
4746,-1237.317383433872
13998,-478.59056839851615
18010,-514.9749796169093
15723,-536.7292661589609
8343,-129682.32298205678
12900,-427.6903689427773
107,-6845.685230850788
17898,-430.32810725703655
17704,-811.7838509229078
12297,-1496.6785131464903
8205,-896.6177551601095
14458,-408.24591755288736
11669,-381.1052066242103
7487,-3192.577637988382
4132,-19536.266324248976
2712,-11477.231627038458
9491,-380.52403377012286
11384,-513.6164877295671
6427,-16973.216779140846
8617,-1042.4921639703343
10831,-395.6052510708236
6287,-8374.694485688084
5820,-806.8799999408449
8978,-3323.8268101208096
6242,299.88766036175303
15232,-497.6412314982655
8973,-2545.529979657618
8622,-889.8530721061545
9457,-1000.9968918472852
9539,-386.35523551016814
13082,-977.8789221978535
5940,-10437.654043884708
7115,-13506.591856648869
10787,-369.04554325072
3085,-1487.528799312803
2164,328.139706409998
13538,-474.3228726103443
10548,-417.92200093378256
8143,-1251.8697442073667
1409,-267.31101174736267
9102,-130234.67025809576
12364,-630.5670902840815
15596,-509.72965001770586
6238,-4.46402306875494
17380,-382.81867175574314
8057,4775.706129249952
6065,-6478.877995360981
2438,10750.858848171398
7641,-1872.5650739214807
5220,-471.5499579633696
4263,128.72522284762212
12066,-575.1675839431713
17225,-1022.8711768382648
2533,-261.8465299337134
8449,676.9079372430634
2289,-155.97956919137653
16496,-422.95831425899036
1308,-15427.534617710196
4931,-2439.5457463363946
15476,-919.7016087669296
5838,-5937.600098293673
17853,-373.47225472924345
1672,-4856.009380076982
7317,-4709.983720949876
13087,-670.16171502707
11633,-421.2775213852899
16764,-444.690915061785
9430,-415.1951565896739
11674,-382.17338797798203
12424,-537.2575963302974
13997,-446.90451165508455
1435,504.5205441244442
10157,-398.43721146545977
16746,-439.49050019679765
11410,-594.6243978585395
1473,-17148.73031415326
10476,-725.0498795730047
5875,-8303.64937244807
13384,-386.3680034920079
5967,-16834.336841398177
3309,-3157.017604904221
3738,-5315.639696397801
4998,-3812.1373123726667
1925,-1564.6168515840686
5266,-1057.1079850501205
5628,-1210.4421883830557
2515,-247.42589917043168
7527,-3991.951401871199
1636,355.097306106358
15358,-572.3513502875246
2131,-3146.78780429391
12998,-368.23519698795724
1072,463.9406381524602
1227,-1382.0752965254005
7300,-65.71857275608096
6485,-2268.6761607445806
1250,849.7402268498137
14640,-1911.9979026584558
9754,-893.8222892810322
8644,-4880.226210120741
10560,-372.23991497598115
10865,-330.9708994706938
6463,-32555.413242530765
14774,-383.94038213544815
14408,-394.1923260084601
9182,-389.8369221848289
12169,-504.68734039851375
16893,-373.84293738808276
15104,-2486.265327704779
16568,-436.32676344815644
1242,-1320.8028573326324
9577,-703.1733673212992
3533,77.82285712208476
6243,-292.0835107286973
1617,798.89065405598
9298,-377.8927397626843
12053,-589.5182713606208
11679,-375.32251387163683
9834,-460.1849375569025
8955,-1645.6646601833975
17670,-504.2419588275917
1964,-1435.6528079162972
7821,-2142.660249372803
11272,-409.6411289098074
5132,-2143.719671922479
10168,-357.7196314174431
15870,-381.45924101164064
15648,-481.75965508262965
6798,-1583.099852634399
12062,-551.7510987886656
16208,-348.0007393864314
6851,-1230.317416906693
15881,-441.29384672268196
17999,-479.4131971961321
10273,-853.3102583011583
4260,4.219521223746675
16852,-577.8567897685909
8259,-1113.5344671237326
2372,16410.22080852863
15289,-450.91429911765374
7234,-4530.87654505431
6187,-624.7391753683808
5117,-422.2357050634803
9438,-378.61162825715206
13740,-369.035097381811
16789,-453.5334784705105
10927,-376.0637868761483
12535,-467.9631281624415
13968,-487.90373928090435
3793,-3685.9638622215643
5796,-302.6344117040375
15295,-500.4488119751819
15924,-887.0023681118677
16497,-436.06188016909573
10925,-376.26678322090737
13718,-396.81422240165165
12377,-836.1308807613176
16041,-402.11456771062996
16838,-455.5257640416781
8064,5257.983053395246
15532,-368.56545472725725
15647,-508.1028672329742
3086,-1683.5829236610382
10179,-360.71073958195285
7364,-5505.719336114243
14486,-360.23480278160065
16394,-420.0800836467895
4517,-5229.994879150416
3600,-22344.448910426963
3626,-24019.541916028542
9140,-374.6755464445528
6768,-1587.2483816755025
6750,-2285.0215076894956
12541,-494.07255846180504
8357,-141129.3692904026
8409,-32739.53824197837
4925,-1937.4971235523417
7289,569.3824690252909
9605,-519.3683546436397
4159,-20605.675265414804
7970,-1387.9323420654005
11513,-516.7249958835337
408,-1031.1479156580751
8132,-817.4085062644325
15366,-476.11857740273786
15248,-999.7169758504148
13232,-374.55608129529486
11881,-1362.6119323777211
8536,-12777.33724041101
14168,-558.7168671769755
1808,-1178.2397616374378
6342,-1792.203454227194
9276,-430.045657853572
15546,-2539.8091946029026
15759,-456.0369313654776
11344,-243.21599740958652
5597,2441.0392047684695
14105,-557.6199905221771
11821,-4232.152086617274
3348,-692.5013076024784
7854,-5941.34392761495
5375,-994.1003617466173
4080,-656.1302312656901
4883,-1409.5034230693368
6008,-1685.4921333388645
7397,-2762.6523569527626
13404,-804.9558862849437
17604,-363.8410692494893
11938,-369.8325805964504
4296,-20038.36746906625
6484,-1938.8293634364127
902,-4007.5012210019427
11497,-212.49640430757623
8122,-726.3607445763948
8682,-2261.108722768254
2128,-3086.32262166965
10517,-431.8178658990078
11858,-1299.2948379106706
13127,-1004.1022257642854
6177,-805.1450727251786
3384,1334.2976419045829
2547,-545.4950953715119
16446,-641.5819264322124
3594,-21579.642225486135
16512,-408.45745535996735
8344,-129824.37139599152
7581,-2571.2365210429557
9241,-472.7254271038874
3186,-1227.22695999318
10234,-393.64011132927413
15426,-247.65847119108878
2137,-1561.7536168788924
13859,-424.48013965897366
13489,-1478.9007952414418
3517,-310.64845718141373
6422,-16190.459454258315
4357,-58401.74709642647
200,-302.16275713786
15611,-505.0285304370843
485,-3241.43579323896
2722,-12608.452672369993
10732,-461.64920385503535
1460,-13736.09541939698
8218,-1304.8593910459708
17912,-3026.768849988097
14498,-376.04443098154985
17060,-1486.3220225721627
5218,140.04172715345805
8608,-1229.6718513751448
5331,-1182.4432096472692
13246,-1407.8414537088279
3985,-7639.944031858484
3578,-2196.729908698737
17692,-474.70184528681636
14826,-597.978389740195
12584,-238.2490165314163
8627,-10563.60973404243
3251,-7045.565631996429
9954,-1096.847428044837
6326,-1586.13176802254
16972,-326.2540461849874
10032,-399.0615649133427
12880,-564.180931734302
14610,-10167.753928434131
5990,-1297.1034078115672
18180,-409.87085208977277
244,-6219.975323181419
16313,-2648.7111891475984
14785,-369.37719622676906
11306,-217.79943210070616
11226,-409.3865735232258
8826,-15848.148584682436
6181,-749.7340432238439
14373,-486.4899609964905
12256,-1244.0605389747043
10160,-391.04489444524665
8276,907.2412157527704
5001,-3195.5595687424848
3191,-1455.345967854977
17119,-478.91726264126186
2781,2669.616157649243
11721,-388.63982809349943
6910,1640.0591015667671
9527,-398.1470120529948
9633,-577.2318444936092
648,-8682.259672636243
7388,-605.3696920829876
17227,-852.1441645103001
14479,-451.6005626143956
12415,-571.9143606503798
8473,3952.3609892782238
9112,-40177.69117092859
7375,-2517.035197851916
878,-2052.722411191585
6740,-1500.2277254277292
13979,-512.1970161332745
15360,-425.7495348214025
4364,-56564.28227048916
15988,-411.60565114341915
8492,-1935.179826482018
14060,-439.32280392411235
11686,-384.1967958733671
15976,-395.5587588061641
8593,-1557.5701427176248
6274,-5223.670449103044
15549,-2680.936537233149
16928,-473.79523550144006
6022,-2203.3734764351098
5344,-1197.3455801350608
10678,-942.8675301920221
74,1895.3266742877167
15884,-452.74393922102144
10078,-343.62429193117805
8021,-4779.0078248084055
13695,-367.8736908704106
5655,-1629.902900683546
16954,-513.542662765789
14646,-562.286085106754
15799,-399.4871707444098
10395,-383.16904873556723
6067,-7162.192649187195
6016,-1537.1455826966007
11033,-504.7949523854858
10968,-634.7816004728585
13485,-1654.531910893682
2738,-6348.091199119055
2509,-726.1524302198579
10265,-374.10953983754285
2643,305.5603548502427
82,3580.4030562778316
10876,-289.8319503027816
6863,-1897.791026614091
645,-5707.09755671682
5311,-575.7495276345178
14703,-400.4281681266461
1677,-5000.150266761122
7278,567.7439742864619
4834,-1246.0234464243142
16488,-464.6331149121471
13142,-373.09836354312614
6005,-1508.2836970616659
7283,889.9460680437417
16869,-362.5992331766462
17437,-377.2161399449287
12027,-392.48963676375314
6150,-707.4561401643116
12610,-449.23883170715453
6188,-489.3733414325545
1867,3044.3140633649996
156,-8585.51026288486
7813,-1156.7340398439005
14784,-369.13762411556615
10104,-293.06598246370714
968,1685.9320453496139
5913,-2299.252401657535
13451,-973.6510618062094
14552,-406.7615705601519
12470,-500.8414395217299
12553,-372.07453284573006
1402,317.2208335626339
11779,-5444.451584645116
11570,-486.5267591447161
7076,403.760714323636
13173,-373.42592153694176
5229,1142.6913074458612
5223,-6156.139883581147
12883,-529.1934805659891
13214,-417.78435779261997
5694,-394.9982767030681
8232,-1099.8644028427275
4010,-1124.5281216876717
7775,-2530.73464686534
12736,-1709.2755834359143
17136,-1168.398435763086
10939,-375.5838087255723
13822,-792.3182768631032
6499,-2873.4974948582317
5045,-4746.31295443322
5535,-27185.879686097196
5850,-7871.133042344943
4187,-425.8902504906997
15233,-570.0691049553772
15892,-493.3656107563483
11278,-415.3608903971955
16478,-470.67604210375384
4081,-600.0175715079481
16519,-396.92813360663246
1487,-19003.06600085382
2556,-1055.447289072158
8830,-59776.90595033558
904,-4740.16364816012
16344,-600.9311562154741
1357,31.143336576952684
8145,-1085.286260671827
6425,-16309.538592201168
3705,-2676.9248694754215
15454,-676.544909864726
15544,-2285.1412218911087
16574,-429.93419646243404
6997,-477.3730332375401
3613,-23749.887977212555
8183,-628.2488827409647
14924,-373.1101051716494
10442,-1048.1424566335827
374,-991.7040078905378
14797,-482.5781456534235
10992,-777.4800080360156
1351,-14195.280689625637
2582,-1344.9617413964863
14369,-452.82794842834204
6823,-9185.314292395235
12780,-467.08397427588176
13856,-771.517998310597
13873,-543.8036591464947
6744,-1434.1266699585449
3633,-24155.649561173213
791,-23453.738649199262
4941,-3322.860890540141
14514,-402.97952987877557
17535,-3735.871145015637
7763,-2800.4912620487935
3293,-3780.2131414470005
18111,-375.54642242320733
18061,-503.36470859929
5186,14350.939743893998
6311,-1500.3342347680746
7529,-3798.3011885035526
2597,-916.9458886405466
6035,-2360.898919373107
13197,-401.48730212790497
5042,-5795.951315705493
12029,-375.5659303947314
3129,-11034.40325365901
15962,-393.384991458564
14157,-656.3847253081075
375,-1198.7875958776453
9155,-385.71740317481135
6923,1484.2560443260882
12186,-480.86752209463293
624,596.4389402086647
6787,-2816.8158082644604
1,-1158.1639716815946
13985,-460.692295037371
14014,-372.9696191053768
6518,-3371.213656633558
9700,-364.7391704312871
12985,-351.3613077552908
10460,-1515.6106543843775
1712,-6931.422396277102
908,-3499.9279087629293
1748,7000.673330375384
15374,-565.949422483278
5071,-5978.350959030399
14316,-765.6011843752176
12334,-398.1987133807621
16889,-366.8630236915851
6359,-1494.540698166937
1222,-1337.840403146199
11471,-464.31355927332817
16047,-417.4999335357886
8139,-1143.8633902653003
14968,-725.0801732394897
11620,-416.91424629301
3249,-5846.118349863096
15466,-541.0240505145789
3179,-692.4850601231365
14198,-749.7744152168345
11258,-401.202790896932
8967,-2252.3831275997936
8938,-2342.393398946024
740,-1609.3382500928935
11653,-382.8341338661245
3728,-4625.8879650778845
18190,-528.2260275875932
14136,-574.0424896889486
10812,-422.404765236948
9678,-428.2706784678727
8293,813.280174876407
1189,12446.92288214239
6613,3541.271948279543
4479,-3722.2828179946937
6558,-3579.808142751966
2680,-82861.98124692083
14661,-1475.1956645323335
8701,-5008.829319237811
8756,-1167.7518111956963
12300,-432.1170326926785
1041,106.54399415884271
8666,-44666.64764027551
10450,-1158.5381044692704
17947,-1094.718384588585
12833,-505.60660429772673
16291,-3497.7691265651856
15208,-765.8548456341922
12508,-490.9893634970606
17554,-491.77017986627794
12636,-598.3357388481146
2021,-1184.6427331017453
80,3390.9501801278184
9607,-491.2284567290577
1777,-1365.1478567730583
17134,-1206.276249494439
12511,-464.95619939133536
9829,-468.37676249674655
15076,-1136.5561036527863
10522,-420.49585736254954
17398,-423.0847282740682
8147,-1040.2218109675896
4951,-2523.008425008623
17837,-460.0135278320702
8762,-1657.151868449516
3867,-580.6674973883639
6098,-4539.5983524530475
12799,-437.0769665073256
6244,2481.516107118002
2470,-399.4290603340532
2174,178.60312875256668
14143,-693.6132541424231
9046,-1092.7135325595364
11364,-671.5597848636306
5556,-34042.46925744432
17265,-406.67904286539294
4178,-22.280355866673155
5750,-7433.02272681317
17536,-4229.1329470416695
6918,1619.9130655036947
6735,-1700.8625173618252
4445,-893.1444746259299
8874,-5082.748369680375
18169,-398.4595756276085
15021,-458.88370799818637
5896,-1610.1075900751118
8173,-795.3796571789635
11707,-394.89739207351647
4755,-2116.1065895370125
14337,-902.2339805518939
18003,-497.45648898544204
11706,-397.2163945049708
12955,-405.97989685290844
1802,-1368.2912572123837
17373,-408.00857611621103
4683,-9387.626631810394
3397,-367.26348588032175
7386,-1268.7514925107116
3424,2425.9449697529662
10579,-384.15994814097695
12292,-2087.8856410469243
9024,5042.06562377838
2221,-7247.939580732564
13916,-443.0202931392966
15100,-1969.8908025023059
17139,-1010.9538234793333
15110,-1486.6307028475114
16364,-599.3705061781333
14502,-382.65505144251557
433,-8599.571528566032
18081,-444.19748772613076
7117,-13187.79168184957
2099,-2643.489335555158
5955,-13794.520525370806
14388,-380.8572505526903
12609,-644.2263176874038
1194,11340.91583321904
5291,-994.4241201279686
9871,-369.6883114943996
16431,-399.03504638220767
18160,-1630.1210537855623
8402,-25663.110340054038
5663,-1499.3105478463522
17808,-554.8382433650308
364,-3466.988536136911
17112,-498.1472295304385
12953,-404.8079648898068
16572,-371.3267429853032
1307,-16812.69091188224
5503,-138882.22364984403
1883,-2964.3764470326564
14839,-696.8480597197711
14042,-418.08891342366803
2915,-6680.486029682538
10791,-483.9525685391257
424,-6980.157856085983
6090,-6145.795987441492
3749,1284.143018968515
17735,-593.9738367925883
9873,-357.7637173840877
1208,-1208.6037430104097
15538,-2460.2805143364662
3795,-2814.355506014484
1163,8661.70024446142
6092,-6553.172586600474
17903,-2535.794541136293
6553,-4012.8475877701576
17248,-370.1132801175127
8892,-1150.7841644014047
11113,-417.61285129121916
102,3061.7702392300043
17809,-671.5239902849585
733,-1769.08855382047
15667,-524.7890481833062
1910,-2031.6554724967561
16012,-372.5270445554717
12401,-653.5156842669865
2117,-2656.794996998252
12013,-560.384167987847
64,156.62512821981062
17443,-432.02597285816813
1187,13410.493475742547
7340,-4634.395756651975
10201,-363.8889081486669
5263,-904.7902071570206
9900,-382.05850123056285
4354,-43191.3044085783
12734,-1953.487961283684
4371,-4042.057073752526
6348,-828.3015517197723
12644,-535.3058495568031
762,-2174.5268214820976
13887,-477.17556064086926
6927,806.8815980953079
8714,-2280.1622126768807
13648,-554.0803407114774
6356,-2280.020809822308
9337,-464.6772102940362
76,3303.0309750668944
10744,-355.0821587547218
14653,-2037.7690131151444
17458,-11601.77371759271
13077,-416.2140692479746
11419,-394.30899060435576
1732,115.1299474845904
1576,-4875.105518034793
8694,-3863.0723816338104
11816,-5901.725578976261
16590,-443.2250719694669
11242,-370.72667105484635
10655,-904.5948862377201
10353,-397.8324269779834
13012,-351.0382096548811
4462,-1631.7326053447478
8770,3815.9615009862255
7407,-1976.166404876758
18133,-539.1292431588334
13922,-429.02070422387834
7110,-14092.993694402203
808,-28358.336572589626
16437,-416.2694148616089
9234,-482.6001970092422
11356,-292.3545037973967
1417,30.972184799098976
15176,-767.8903965786257
17962,-614.1140828371823
3416,-1569.112904605354
2911,1467.2145453332291
13392,-642.154890623755
2275,-2593.521333965296
9356,-406.1940066874027
4670,293.13673603932347
10303,-585.9608537766405
831,-25003.2723305616
16949,-590.2597721112644
12556,-378.81594198055166
1259,730.986614978145
15404,-420.0683860807168
12595,-764.9878073472973
13842,-570.0446833834935
14868,-818.4996856818786
6996,-297.231134563028
4044,-1785.4486886869295
13410,-565.7381772688518
14575,-390.3135071030702
9874,-374.0374292240396
4058,-3604.9332296050015
957,-867.1671045908655
14400,-371.13103266054463
17647,-372.0156424660636
2145,-1538.3977750170889
5765,-8163.300309791706
413,-1198.69549217498
4275,-12369.853430111543
4125,-15977.402280549255
16138,-466.8420380447709
17813,-552.0748238370464
8073,3828.6119587392423
3526,-1042.6632398439585
5552,-24720.187571370767
7338,-4278.624118623026
6600,-1537.9375198887867
16884,-394.42009283723905
680,-98.76668238647217
3340,-522.7101053627548
12544,-417.4854858945772
116,-7048.593117323595
14739,-481.7879300742202
3963,-8603.99658917957
7765,-1827.1779033958098
14075,-445.19531103715127
9654,-407.29590621614295
10264,-371.74727895564644
3220,-1876.7513599629835
8327,-133868.6132058237
17965,-510.44608006480826
5084,-7802.871413506867
2414,3618.2827149149016
17037,-707.8941144912482
12824,-416.98374152851744
6618,989.8203415420519
4438,-562.8540555787856
9142,-376.2249827884474
9484,210.08696611238983
6214,47.787687791747395
11023,-472.33482169817
11828,-3391.63067934582
9416,-426.76737009768476
8917,-4712.317604648389
11659,-379.8992122425235
9453,-882.7047078406694
10513,-422.0725332012579
6739,-2179.8379957174725
1179,19850.996293368837
5914,-2065.8873158029014
4516,-5374.4773673568625
2699,-79758.21975436505
10276,-698.1971304087418
10788,-370.59165856285756
10065,-391.3655528605041
5803,-432.59688536123497
12339,-396.4292230945065
8072,3433.1247376692527
4327,-36282.33794306753
10286,-313.6059267825244
11057,-407.91210116669816
7520,-3975.6577142671263
11948,-378.36735843794577
1340,-15825.930169243115
4830,-1855.142939561652
15034,-423.60855095045554
11100,-407.579959818899
1065,-288.9245982652483
9481,63.38003919542592
15097,-2136.196813704861
14749,-371.99509819752734
7977,-543.1970164486675
4621,-1406.3770453768036
974,943.6110166391958
574,558.0321052812013
17657,-716.6925329072591
5012,-7722.788644530039
11014,-534.8905354837137
10448,-1055.168861578634
11168,-440.01803272157775
16006,-512.9579988091724
4109,-16638.90536569912
6626,-1619.1469227271723
4318,-43613.739026095405
15056,-380.80168063611075
7878,-4368.072692838432
12945,-414.0293040650292
7273,274.3740051213969
5128,-1374.56654571298
12633,-653.6938350313665
17260,-380.0696732892512
15529,-370.9320375091503
6991,-24868.796203192967
17070,-935.6653801320232
11788,-5058.50129556046
14696,-503.5364167820684
16040,-415.1388321449961
14010,-422.3371410434718
1609,-3990.97820439956
12230,-424.5526928140169
12982,-407.8317012538397
14794,-365.000714137715
294,-2483.572008678406
1599,-4261.393062667002
2846,-1233.0307980897082
14723,-588.6938837149635
8211,-1034.8127700319947
5550,-26121.445287929415
3106,-2233.5467946183485
5728,-6957.659792747964
14982,-638.6998276701214
11651,-360.0829564569165
15642,-411.01613538248904
1780,-1414.8881022085825
16511,-421.07791546613737
15189,-808.4069770358691
17274,-388.8916904263371
12804,-469.8700529288992
15951,-1963.235270152354
8855,460.30943640137554
9877,-380.3978852893665
2523,-512.2006380951968
15421,-576.7079423529111
3479,-13672.942318321062
2904,259.48588573602615
3164,-34636.58843835603
16114,-1565.833805773053
10405,-372.90622335832467
657,-4137.95236555823
2468,-349.7487008163922
6417,-16590.76937198114
613,5143.019092645694
14218,-728.9676060668868
7153,-11864.356503491117
16273,-895.0990737563743
2299,-493.7254257342411
7871,-3530.6342029292455
10302,-620.4386331909285
6002,-1500.1399024804914
4472,506.7115095418177
13656,-419.4014068566599
3752,-221.47516487315963
16456,-580.4081254837342
6534,-3278.155535663883
18030,-1027.6792453723886
1731,-1781.1195980018717
14181,-668.618780845225
2957,-7781.583586639446
6364,-1395.1382157611831
4306,-20203.164484416633
4374,-3966.545482567554
13023,-349.96528752411035
16428,-360.9897561803249
14072,-467.07331589566627
18056,-624.7442553955103
770,-1854.8856320927523
3989,-8657.394639439552
5594,2178.743033130982
17011,-423.9834594212425
596,1070.468590858492
12977,-398.4936901369123
13335,-419.3728300112589
12923,-392.003669521326
12479,-448.20969826031904
13235,-1284.2389357674303
7392,-2971.9956161451005
17987,-679.5619782469387
15318,-487.37091428065395
5231,-319.4344497430389
5980,-27055.70012874472
10169,-353.46551155808703
14891,-541.4599796915924
6251,-2668.606766615691
7341,-4147.812683837361
17188,-1458.374929223417
4804,-1224.1787347707188
5775,-6882.730980165103
5131,-1956.7489194939324
8318,-1832.4726740336848
17076,-502.1820533721777
13280,-1207.3353137847193
14688,-3425.795651047698
10373,-392.1873728980745
4379,-3662.6875866487717
2110,-2262.75575744546
2562,-1034.7021412243625
14633,-8061.700605677358
9858,-360.5835907028937
4984,-4195.086653665044
13576,-381.5557483186305
10243,-398.00198430288464
11126,-440.66879212733494
8702,-7566.7191342086635
3194,-1432.1647542052278
11477,-403.2637088004729
13416,-757.7561981987949
11612,-385.5021782164777
3484,-16066.643080687085
11974,-380.35198052910727
6219,-493.33865706873735
7558,-5781.334930001848
6574,-5455.803547176914
6951,-18862.89956572157
8076,2652.8103037923047
15171,-699.6938042028671
11294,-439.46695632212595
8036,-3717.241990633619
1933,-1038.344138195669
14571,-390.44946498773226
1580,-5063.282927388781
5303,-1093.1519969303874
9962,-434.6605003080245
15588,-1550.7642226560326
5044,-6716.045974197916
5714,-1084.512875865786
14547,-364.9166997883826
13431,-583.1396141138292
8605,-1183.6653409622907
7910,-3239.055495697968
12420,-615.4570811257926
1632,-365.1036390934319
9054,-774.9937906856195
310,-1687.5490968242807
7264,438.7849842918171
4290,-15584.23383038187
11558,-396.80934896978374
6822,-12870.119610212614
11050,-379.66995325157734
16451,-697.8302339996264
17244,-376.9567225642306
237,-8879.663894260382
10566,-395.7332743132036
3205,-2124.4954517939073
12291,-2133.3958904909578
17913,-3815.744635829349
9427,-377.91477102945737
16195,-409.12264402382834
2387,5639.154087182601
15194,-805.1952753943591
16930,-449.0504643412655
4045,-1825.0823902426082
958,1229.4102819674772
14349,-909.7849507724584
13112,-1398.1941561128524
10848,-312.48262585722597
5727,-6992.885059565348
6140,-4833.237229225423
4777,-2103.9916310798517
15991,-408.942391738766
5038,-3857.9581581855746
8569,-1905.0036838640503
7459,-796.5314514522175
17307,-431.9433725131896
17600,-497.358299821541
5392,-1197.3736850508274
2226,-5034.748864920939
8997,-4878.522885153508
7099,-3.5275284594278915
13769,-890.7334618761263
4860,-968.2286226530772
17562,-416.8467275488318
11970,-383.8250539176513
5653,-1430.3625920579234
5662,-1503.5698273328408
13675,-395.12469714117003
8266,-1147.8726311740197
9684,-421.59241454241413
7517,-1438.9591818673555
432,-8085.229667068305
6539,-3509.313204969895
5016,-5132.437670548326
2599,-880.5970783673462
11929,-424.723618134342
9971,-377.341304413489
2998,-648.3751191806716
16629,-1395.3320141807014
8663,-26289.09452501476
4468,-804.1797663325993
12774,-395.47068139422265
5621,-2048.9371129710053
10623,-496.1746995509617
16009,-368.57157608996204
543,28.829119856581446
5737,-7484.564348987724
3746,-2533.5134230516123
3899,200.3753693350255
16376,-499.50317924767984
8899,-8477.169726004531
11835,-2361.9002492906616
3810,-1911.488686236651
1589,-6986.488885054708
6730,-2797.0230125562653
151,-8906.216533343468
14528,-406.6204902279746
2404,2094.884166225624
2317,-266.9239691256875
6922,910.0760907374413
2882,-1752.6764566227139
16117,-1358.8017247823234
11691,-391.58782978171286
15641,-430.9087046761399
8221,-1042.5989356021635
10274,-669.621875934204
10453,-995.1673983933663
5126,-849.8315877478449
4823,-1291.2445396037967
4091,-2113.5196924640773
16432,-369.9861032636677
13253,-1659.7826186637487
2008,-1562.6555100517185
8373,-40205.23722617388
12322,-406.0771951490651
13688,-343.483918210885
15037,-426.49648382007535
4307,-18590.77403245746
10106,-285.29130299824277
15788,-426.39234996287615
7602,-2266.3014658839656
4492,-5009.863323465746
17728,-438.18043029108003
7782,-2578.710027740794
10559,-383.68767119955345
10863,-314.6874157404959
10190,-382.51638375303446
971,-1396.3212443382286
10884,-318.4677448375829
15393,-457.44840051556156
4904,-2381.847176957425
14827,-632.7931153408547
9637,-539.997079782282
12959,-405.5243213011208
10940,-380.5487796975662
11483,-402.2244551151433
3212,-1782.7537271826848
3050,-10901.911763970016
10121,-384.26718100723514
4486,-3973.6834826933773
14577,-366.4934097185683
1891,-3397.66933210783
9785,-34.769106791544814
8066,2133.845101896921
6960,-19094.97074401654
16882,-401.698468637677
2672,-84866.79271733899
3310,-4193.50923375077
15506,-445.212204971659
12825,-433.982007645657
6593,-1936.7939116110967
10178,-359.7324196647829
7336,-4424.6968155694685
16796,-545.2036383188764
12771,-420.6957162546689
11810,-3902.7184136311907
9322,-421.4555307558942
8438,921.3017922399007
4148,-22873.36501743134
18220,-15043.124212398585
12716,-2636.360564097744
4334,-41891.69479810229
16528,-464.89154027927935
17083,-530.1361799444645
4766,-2756.841122678197
12518,-270.8923251291489
17814,-564.9372692396865
2122,-2274.2818966766617
16261,-1526.2295101074096
14342,-1008.773783532403
128,-8587.52866371032
113,-7776.225889045895
5252,10836.780965231865
15028,-533.9466248599633
14682,-2045.2306832904499
1678,-4745.059002690714
3275,-8227.90208140886
10793,-447.130958630532
11490,-87.74058138343116
14374,-593.9509087678638
13587,-364.21112764804616
7491,-4160.281117837307
11343,-224.23489932789258
18064,-554.3556793114454
14233,-446.64723269714415
12916,-343.44568126104207
10494,-444.09474020593336
17388,-371.7284064909335
16150,-492.84611900204317
8366,-150784.73444034538
7534,-3164.851958177055
651,-5261.150418667182
834,-2068.8406866216283
8959,-4176.945059414132
14531,-379.70748853665185
13548,-419.5348212834283
1021,-1769.5555620653388
10815,-389.7064185875833
12570,-253.1148635536116
1662,-161.49180509001172
6629,-1731.736561360663
15487,-415.6931987264151
9536,-392.28687270055195
11244,-373.17694659468395
6906,1527.0926693203983
3794,-1607.1589066921454
17238,-380.3985778699664
17971,-610.4487309546653
15456,-594.9243871819607
209,-5828.734228413439
15219,-514.6130557509737
13792,-839.8983560394323
4000,-15237.21854940028
15151,-443.4767868823009
14834,-561.8365622995815
5371,-1005.9616461322886
14664,-1819.098400803421
435,-8123.682327215125
10949,-579.1145285885
8743,-9060.767571846201
7852,-4624.021602023036
14864,-1071.7446539552623
7522,-3803.892590777709
10557,-388.5223358115754
9591,-496.3208801058031
3367,-698.8857692904483
7727,-1462.8985217947475
8040,4634.651693686512
9773,-562.4514265541862
3097,-2468.647493922729
3548,-1760.2232994810415
7190,-43862.03751211415
15490,-422.0994946519738
6614,2965.6054144643495
6038,-1790.5295626337847
13219,-380.8717833633152
2219,-10963.063817827802
3877,-391.2065677242525
4525,-394.18632252856753
6039,-1646.4565848061416
117,-7306.881750248684
15050,-390.5047887345833
14536,-422.45566684687753
17477,-12397.763969525378
13330,-404.59604474163757
14843,-422.7393895637053
4453,-1831.6688655030962
9019,-16344.63692552677
17829,-495.1474936269975
17127,-1193.1101916263824
4561,651.3165855961934
4908,-2977.16467358323
8430,-2208.148340063612
8846,-10732.002305984017
3924,-1018.9500614002025
9425,-402.46747265603096
8960,-2955.0464991818976
11509,-401.77555860080173
7304,-191.99552225565046
9711,-362.8279459909774
9478,-418.01491444112133
5945,-14929.959805646342
11616,-390.4719521114797
7218,-3921.2783940582085
29,-1428.076993941456
4452,-224.96279099240357
4212,535.0008404750765
449,-8023.306515771631
15769,-458.2494298528865
12430,-647.7368831937174
11874,-539.0905214222237
3258,-9280.360385170636
1665,-4064.998402809488
11342,-277.8747386819688
7595,-1918.0694580519826
11919,-418.9454541932345
2074,-450.05798103080116
5027,-4013.7799064262094
11391,-519.1688348346523
14494,-367.78167590176486
8149,-1203.6815469638054
12675,-362.7466957422129
9193,-380.7581648852515
7009,-572.1620407674161
17748,-561.2788335064033
10180,-355.0510527996545
4636,-2515.114682874911
18159,-1618.7226965039354
1125,-438.36808197123565
13939,-508.89721349336367
15791,-470.7467275736493
3005,-271.0915197951542
10278,-715.1893908827003
7012,-876.3007678291697
7838,-3110.3424553648956
11638,-376.5398297242237
13503,-491.98660007382944
6916,1489.8815347843838
14285,-1006.841080179529
16157,-458.18509803294944
14518,-391.85282403616924
7455,-673.3463538870222
16071,-1918.0953095877583
13676,-392.2922889904427
4264,-4.397766965134373
6599,-10316.141593822631
12447,-593.9095395701771
15418,-943.9588964331709
8193,-945.8474604353291
5240,-2350.288012318387
16222,-398.01021377245877
4200,-112.823095371476
4330,-33382.29604730435
11233,-366.9165997260315
1806,-1190.9537225313547
15439,-542.673399537859
7646,-1789.708872137345
17408,-384.1927355215701
16726,-469.98433069412556
13166,-396.0978490107392
2411,1369.8962410082972
1614,216.528636873761
9056,-566.3099619402927
3265,-7651.513785616465
16312,-2612.7198845237444
8753,-1301.2394370421753
4592,-819.4246101715268
9242,-471.54777260446906
8513,-8242.892414481215
4790,-1058.4507024074069
13307,-506.5457132737461
4864,-1287.2039965562742
5817,-496.10312217980754
4576,2590.445803239819
13840,-969.1373354953298
18240,-559.7910873536003
3809,-1929.467861392684
14525,-406.13923990760753
10010,-405.97984014038667
1782,-1527.327574179887
12574,-459.2267082442317
12235,-426.6268861607266
14201,-1083.83160147274
4243,24.131106981260494
1793,-1182.4990960891187
13324,-419.89802615344996
8618,-3280.6425917195024
2023,-1188.097232150883
8483,-1410.6731108426786
2766,766.3041742102318
7222,-3617.6325486864794
4532,-1804.5024995332658
3217,-1676.5647440187677
14595,-6516.927694773529
214,-6216.345780022299
10173,-352.7753503473388
10407,-366.1520402491164
828,-36076.3447037104
16353,-551.8485967411452
14584,-369.09220364830617
1881,-3183.4400227870956
3558,-1869.699689053896
1135,-1231.6272493613221
2747,-6538.064441812
12277,-2486.242412564615
12788,-417.1346629521119
9989,-404.51701805103517
14107,-596.8529731072515
14623,-13476.882722077966
10371,-389.24046656088314
17734,-604.4025366587815
4836,-1330.572258610065
2823,-1211.3211086206188
6376,-1204.6324147690186
17989,-595.296706473354
1547,-42302.482825844265
12091,-388.3917318276546
5639,-1349.7485109573688
7205,-55071.593334337005
722,-496.76253457128985
15502,-440.89528973021567
8946,-1821.1593479220307
9316,-387.9762906618485
14110,-544.787974620723
7720,-1539.3637138714118
14385,-378.1856955356384
2293,-28.53453771852984
15200,-893.1538310024849
11103,-411.4504417889773
10841,-447.35331982833026
5242,-9307.523479237858
1721,1389.689666714626
11626,-375.0897668505508
13855,-761.2184709369359
2784,2210.373619329069
14601,-11350.059052064064
15054,-428.05559487246285
4691,-4665.403121264427
3048,-7552.3937854425785
14822,-776.6195514272981
8520,-307.1825277178785
17366,-382.7377476180461
4915,-2401.255641163881
13991,-527.8348719631991
11201,-437.6000595387716
9225,-506.41262143487927
2284,-7275.918219680233
10340,-400.5456909008846
16678,-653.5792707215409
13865,-515.5670083857766
6688,-340.3486955402693
11617,-421.75181380030267
12567,-232.19676823203417
2898,-1980.4649627395497
5710,-601.970297351173
6738,-3277.2725261926007
7506,50.808375115441024
4990,-3399.4350300055416
14503,-373.3154855450527
7427,-703.1785618104043
12512,-493.92694340361373
12742,-2317.189143562745
13582,-367.15177454362345
1444,522.6806252489201
14984,-634.7523890839774
15167,-741.6832881679003
2016,-1512.4379791326614
17545,-2724.304887458859
5411,-1803.0378082551456
7453,-471.4954682825701
16558,-458.74678670496377
2669,-110955.33301884643
14639,-2178.9377407917596
11428,-381.0314227520266
6729,-1692.8816001057874
5667,-1392.3310888906308
14260,-429.20987997304417
5705,-499.52407565685724
2678,-88455.71367304798
14573,-382.606651015843
2247,-2793.996885549193
2322,477.3167409690083
8346,-162697.35643019143
4703,-4424.395161334629
20,-1372.5091049240302
11872,-1035.329803819614
4183,-699.6146518524349
9638,-506.8165234788627
7767,-1776.5242705782343
9163,-388.70140165512703
5617,-1743.7361451853521
7214,-8753.387069810751
7642,-1976.7393351662715
8243,-992.9759737033712
3716,-3448.2592287811617
16164,-506.22482027104894
8739,-3219.3926552025714
3332,-673.508263685828
3974,-10920.63744346626
10288,-517.3711904642274
16385,-411.61388361132083
916,-4273.982080550105
17894,-459.966381360789
10719,-470.5412825463243
3169,-45928.96965249403
6565,-4964.417694065671
376,-1146.6776747172455
15829,-383.2065483158811
6987,-21241.310789883766
5885,-1769.7350157596763
13094,-1367.1729572317938
11613,-409.4029686196895
13490,-1449.8535269057097
8085,6826.610034243394
1323,-18767.644032693555
9610,-543.8069658386684
10440,-940.8409971070333
11254,-369.75644242436516
6161,-573.4261987717159
12461,-586.0097200126187
6510,-1847.3668333771363
13677,-444.1072117011606
15064,-1349.218215061447
13064,-443.5166745963665
17952,-3536.7478795332704
9556,-647.915095766626
11573,-397.40968756104957
1165,10362.323428678448
2100,-2005.5866092351898
15531,-361.19918355212474
9917,-1136.584977733499
9070,-1373.339759366583
9371,-403.8157509744768
12691,-394.09203498435414
12906,-447.7667581075933
6522,-3183.077448008495
8923,-2658.2251581128703
12118,-380.04549724023207
5157,-1304.9914113136279
2084,-2253.7270144629965
15749,-458.9576538344971
5782,-290.5844214028336
7469,-678.7989488416623
13240,-1727.5982910327266
11543,-651.0193537959296
17200,-1242.5368554382528
13322,-733.7649234248775
3294,-3808.80686628338
498,-2941.677414787731
6449,-27596.47096223344
5631,-1172.1287160004558
12822,-439.4914081898775
14186,-490.2127150223305
8563,-1898.658449258122
3947,-1307.5410838372006
10709,-458.35172387646503
11071,-445.9379127004601
11097,-432.37181283972006
12947,-402.2143406100839
18225,-16801.788699098513
17691,-489.73819842678336
7537,-2632.331512484499
5209,-9358.992240212334
7875,-4502.710498812406
7825,-2195.4435253857687
11885,-408.2382147747556
16531,-487.0815730198593
8782,-25366.60146064786
18244,-489.663399634915
975,-1535.0770023276932
17602,-362.45957230066495
17001,-398.3484634687484
10725,-474.23291425761306
5909,-1657.7479960014837
11990,-445.9717661609694
1680,-5819.813111069799
9745,-354.68883409148975
10462,-1177.9323747995986
10718,-462.33603131134436
14026,-400.6801892710625
2513,-578.8193859798878
13259,-1657.789068396004
18004,-509.75608165254414
2549,-877.447438377216
13770,-939.9521063236327
11811,-4016.097269272478
13804,-729.8986083008851
4052,-1529.9855022459521
5532,-17620.393552561185
3422,1922.7077050157436
8653,-1361.5021093191815
16778,-510.02028204943156
4244,31.119058365065108
7029,-890.4270541478022
18074,-466.6384164034543
2409,3768.2411280764745
2223,-5877.515039142336
6546,-3382.982589498228
10341,-402.5988638196584
4868,-1129.1645611750444
17943,-4056.114530228681
14227,-478.45013246807724
3687,-3276.2063669603717
7457,-685.390244765654
11128,-439.2781541635575
15520,-372.03800119918634
5362,-822.7280573374808
6490,-2121.029854693539
2853,-1623.2079216062918
3561,-1385.339329669224
185,-19.46139820883096
3216,-2014.062709259698
1058,-321.63503952169555
8388,-16430.321624251723
14182,-840.1844878075952
756,-3118.138009465805
7485,-3858.602988455641
1509,-38527.864826140656
17233,-366.24644778441086
3334,-609.9360840849356
10262,-371.6490810403879
8399,-35904.73719563277
12272,-2114.5400636657387
2913,-5974.503424454807
10280,-652.8834244172766
2094,-2617.7274027759954
11239,-362.8809238887048
14783,-369.2682127425001
2022,-1162.300492895823
6828,-12009.08823816355
13187,-377.45974172481255
7166,-32778.1026651065
17524,-2154.865928825956
6233,-363.9645311578093
11545,-420.55996807702047
1230,-1439.1315422684038
6386,-1374.6104682325279
5347,-1112.8166650467572
6958,-19125.865254819586
7947,-9666.524681405066
90,2936.7397147396523
11184,-559.4141972113667
2354,-8788.78748718584
4188,-23.288964567990583
17468,-13341.420953800152
9929,-1441.7906204827443
5716,-360.5090543057034
9889,-387.2328838866555
8418,-32545.577030661247
11362,-344.4913853298429
2305,-594.4659000639392
15795,-386.7713807676801
8374,-23846.57018582753
11402,-887.4302130225375
14813,-516.6795071160849
5348,-1358.4000950459315
17538,-5967.276716487038
14620,-11668.334523867203
6126,-3959.656670528866
1989,-1141.5338428635573
7365,-4110.770518163597
15224,-446.6735317711679
10382,-364.422330774653
1077,-17.605007980705896
4123,-14619.108119223785
12008,-441.7758522282064
15627,-465.5541740330632
10020,-416.2735306205572
2024,-1625.6177578118322
6123,-5577.493483171787
15533,-381.60368337405026
8642,-6599.871190505746
15391,-384.1994442857324
10261,-382.5718001369955
16807,-436.3175586739581
5043,-6084.274106648491
6176,-603.1496722470706
5852,-8885.19378374907
16125,-411.78520041240193
17336,-409.3178460998581
7464,-723.5520478306847
16651,-820.1085795201295
12047,-554.8797969598482
2431,13982.244740201717
1029,-2073.9602765833897
5786,-147.73968936467958
17383,-365.29096005009
13599,-451.76617401189407
7022,-1202.2706900324167
14692,-496.36929256964913
1027,-1971.8042596533198
320,-6754.330849082546
6195,-803.5623484959671
1968,-1233.5832840896958
5642,-1492.7597543528416
9203,-412.46116484350387
17664,-514.7546063218679
8016,-373.01397482775974
12522,-517.5276570716209
15933,-1566.4603034872935
12692,-379.0114556849889
7252,-4880.253869987918
4268,-12319.02602394194
2321,302.20867975058167
17641,-375.3993621452605
15907,-446.13268001129524
929,-3084.1317846305255
6980,-22247.450470432887
8228,-926.7208885861737
15535,-380.53513824608746
17205,-1478.5672908359322
13951,-440.0702737700489
11472,-439.16340101372595
16010,-377.4152231041751
14534,-426.9082874395957
13195,-365.2935764110931
12904,-422.57547298849346
9830,-485.5120636478638
12616,-664.7948298389758
1685,-5186.428687135312
524,-241.19561944621
6104,-2807.552825691798
16856,-474.54143248555084
8951,-1588.3025317787522
11666,-390.6573719637576
5289,-1397.0892778174698
5847,-6056.747455343419
17635,-777.2307610670367
5313,-809.1496632336166
4936,-2117.5258802648364
5536,-28414.45389570412
11151,-414.48174962069686
16548,-466.7698535072668
15523,-369.9559378755549
2310,-454.03687911544256
16200,-358.26031984599075
10324,-373.2620587676506
5946,-16379.39298792877
14756,-384.1416528380526
2036,-525.1113319985371
10957,-687.5605215001394
1821,-2828.5848479118304
79,2084.9970391054826
12973,-383.5774287302035
6685,-249.98764688823462
14127,-482.34082975388014
8957,-1984.076068294131
4211,-51.8816080056383
7027,-258.06447793141444
751,-2064.8118529402323
17768,-580.2025227627302
6526,-3309.8226543015603
11670,-385.17886279396026
15188,-838.6407742028763
8554,-18193.49522067855
7677,-1394.8139044083503
3969,-8291.004443747714
3763,264.9079762437164
16007,-427.98641321759897
13654,-383.9100591374156
17717,-468.68529113631865
10845,-328.7628900710459
12483,-474.23285037880265
9602,-495.1377790407075
4595,-1452.6638452235013
3614,-29756.39236657223
9938,-1299.7499568291075
17341,-403.0309380938153
9719,-360.36306854429773
2277,-2141.130238247854
137,-8280.968085940402
7079,803.9202542500313
17751,-597.9405307371848
10313,-142.79829246169683
3103,-2461.445470431095
16706,-473.37883776666723
8338,-98026.47272769397
10658,-882.5079900424805
6870,-2176.6605548528464
8647,-1409.1092007215032
15770,-456.58286352804555
1535,-49346.12002961668
17559,-442.8913075267165
3628,-29660.96258498914
2345,82.49738119551161
1974,-1296.8182484697832
2711,-28287.786322726803
16036,-399.59934654241266
311,-1672.7232289640015
7797,-1462.2656291904666
17581,-473.44478782153953
15019,-523.8460739503771
1324,-18605.14554778578
16386,-440.49043452171884
632,-6836.872997134496
4518,-5662.768269920523
13851,-1288.7543103515682
9876,-402.32862421398454
2388,4320.974643932492
9013,-878.3630048884531
7705,-1183.6625336947632
12055,-498.9129551500144
16527,-442.5446187220032
11808,-3784.355128984152
4384,-3787.671404407996
9502,-390.1232925282048
17496,-10577.80362115407
9814,-438.04547567159705
3941,-1438.2243561665573
1366,-82.9468127675116
2399,6083.742687450205
3442,-6031.641332184763
11928,-435.4835092928081
12548,-436.82508116806605
715,-652.3131515712041
17228,-990.7235284194154
1493,-17179.92079695172
5828,-842.1927216961722
13029,-388.845099377352
16535,-541.0822144778166
11897,-419.0339567048614
2442,10065.659255554434
17213,-841.554555199724
16515,-424.74673845989093
2786,4427.8433354033605
2821,-1217.0666531558652
2019,-1254.8306113532992
11951,-377.13498300951
16814,-416.29976276090173
2928,-6422.744225001358
14421,-418.44332966913777
13373,-397.44778324444
16303,-3063.0867345443176
3996,-21473.346501165863
3883,-1286.911920880078
16727,-473.7726199091841
6931,402.72448420836787
11323,-527.4176644310122
12764,-1351.2917384117193
824,-29413.23910419429
15250,-511.9162190734739
2157,-363.37721767793175
2029,-782.3029035539827
11493,-163.05843891964074
6000,-1352.0430810268417
